Ticker,Name,Name_ZH,Date_Today,Date_Prev,Volume_Today,Volume_Prev,Pct_Change
1657.HK,SG GROUP HLDGS,桦欣控股,2026-06-17,2026-06-16,23984000,15000,+159793.33%
1703.HK,EASYHOLD GROUP,谊和股份,2026-06-17,2026-06-16,16198000,15000,+107886.67%
6868.HK,TENFU,天福,2026-06-17,2026-06-16,6014000,6000,+100133.33%
0487.HK,SUCCESSUNIVERSE,实德环球,2026-06-17,2026-06-16,20080000,44000,+45536.36%
0575.HK,REGENT PACIFIC,励晶太平洋,2026-06-17,2026-06-16,4366800,13000,+33490.77%
3366.HK,OCT (ASIA),华侨城（亚洲）,2026-06-17,2026-06-16,608000,2000,+30300.00%
1393.HK,HIDILI INDUSTRY,恒鼎实业,2026-06-17,2026-06-16,1022000,4000,+25450.00%
8187.HK,JIMU GROUP,积木集团,2026-06-17,2026-06-16,5045000,25000,+20080.00%
1623.HK,HILONG,海隆控股,2026-06-17,2026-06-16,345000,2000,+17150.00%
1080.HK,SHENGLI PIPE,胜利管道,2026-06-17,2026-06-16,244500,1500,+16200.00%
0379.HK,EG LEASING,恒嘉融资租赁,2026-06-17,2026-06-16,6890001,50000,+13680.00%
0858.HK,EXTRAWELL PHAR,精优药业,2026-06-17,2026-06-16,1130000,10000,+11200.00%
1400.HK,MOODY TECH HLDG,满地科技股份,2026-06-17,2026-06-16,72980000,720000,+10036.11%
1869.HK,KAFELAKU COFFEE,猫屎咖啡控股,2026-06-17,2026-06-16,41557500,500000,+8211.50%
9933.HK,GHW INTL,GHW INTL,2026-06-17,2026-06-16,2020000,28000,+7114.29%
6158.HK,ZHENRO PPT,正荣地产,2026-06-17,2026-06-16,2502000,36000,+6850.00%
1546.HK,THELLOY DEV,德莱建业,2026-06-17,2026-06-16,11976000,176000,+6704.55%
8366.HK,ZJ UNITED INV,浙江联合投资,2026-06-17,2026-06-16,1910000,30000,+6266.67%
0547.HK,DIGITAL DOMAIN,数字王国,2026-06-17,2026-06-16,50809000,845000,+5912.90%
2023.HK,CHINA LUDAO,中国绿岛科技,2026-06-17,2026-06-16,188000,4000,+4600.00%
1529.HK,YUES INTL HLDG,乐氏国际控股,2026-06-17,2026-06-16,262000,6000,+4266.67%
6068.HK,WISDOM EDU INTL,光正教育,2026-06-17,2026-06-16,798000,20000,+3890.00%
1933.HK,ONEFORCE HLDGS,元力控股,2026-06-17,2026-06-16,45086000,1188000,+3695.12%
0235.HK,CSC HOLDINGS,中策资本控股,2026-06-17,2026-06-16,40773616,1120000,+3540.50%
0080.HK,CAI CORP,ＣＡＩ控股,2026-06-17,2026-06-16,640000,20000,+3100.00%
8227.HK,HAITIAN ANTENNA,海天天线,2026-06-17,2026-06-16,2999000,94000,+3090.43%
0913.HK,HARBOUR DIGITAL,港湾数字,2026-06-17,2026-06-16,570000,20000,+2750.00%
0500.HK,FRONTIER SER,先丰服务集团,2026-06-17,2026-06-16,511000,18000,+2738.89%
2393.HK,YESTAR HEALTH,巨星医疗控股,2026-06-17,2026-06-16,282500,10000,+2725.00%
0603.HK,CHINA OIL & GAS,中油燃气,2026-06-17,2026-06-16,14040000,562000,+2398.22%
6196.HK,BANKOFZHENGZHOU,郑州银行,2026-06-17,2026-06-16,76745000,3206000,+2293.79%
0271.HK,ASIASEC PPT,亚证地产,2026-06-17,2026-06-16,191000,8000,+2287.50%
8262.HK,SUPER STRONG,宏强控股,2026-06-17,2026-06-16,230000,10000,+2200.00%
1826.HK,FDB HOLDINGS,丰展控股,2026-06-17,2026-06-16,450000,20000,+2150.00%
3886.HK,TOWN HEALTH,康健国际医疗,2026-06-17,2026-06-16,1136000,51000,+2127.45%
1382.HK,PACIFICTEXTILES,互太纺织,2026-06-17,2026-06-16,14872000,734000,+1926.16%
6839.HK,YUNNAN WATER,云南水务,2026-06-17,2026-06-16,120000,6000,+1900.00%
1977.HK,ANALOGUE HLDGS,安乐工程,2026-06-17,2026-06-16,126000,6500,+1838.46%
1856.HK,ERNEST BOREL,依波路,2026-06-17,2026-06-16,697000,38000,+1734.21%
6833.HK,SINCO PHARMA,兴科蓉医药,2026-06-17,2026-06-16,576000,32000,+1700.00%
1108.HK,TRIUMPH NEW EN,凯盛新能,2026-06-17,2026-06-16,158678000,9042000,+1654.90%
1380.HK,CHI KINGSTONE,中国金石,2026-06-17,2026-06-16,5308400,320000,+1558.88%
1906.HK,BONNY HLDG,博尼控股,2026-06-17,2026-06-16,1780000,110000,+1518.18%
0677.HK,GOLDEN RES DEV,金源发展国际实业,2026-06-17,2026-06-16,476000,30000,+1486.67%
3919.HK,GOLDENPOWER,金力集团,2026-06-17,2026-06-16,308600,20000,+1443.00%
8447.HK,MS CONCEPT,MS CONCEPT,2026-06-17,2026-06-16,430000,30000,+1333.33%
8189.HK,TEDA BIOMEDICAL,泰达生物,2026-06-17,2026-06-16,480000,35000,+1271.43%
1280.HK,QIDIAN GUOFENG,奇点国峰,2026-06-17,2026-06-16,985800,74000,+1232.16%
2188.HK,TITANS ENERGY,泰坦能源技术,2026-06-17,2026-06-16,558000,42000,+1228.57%
8487.HK,ISP GLOBAL,ISP GLOBAL,2026-06-17,2026-06-16,280000,22000,+1172.73%
8221.HK,GAOYU FINANCE,高裕金融,2026-06-17,2026-06-16,315000,25000,+1160.00%
0312.HK,SHIRBLE STORE,岁宝百货,2026-06-17,2026-06-16,142000,12000,+1083.33%
1260.HK,WONDERFUL SKY,皓天财经集团,2026-06-17,2026-06-16,108000,10000,+980.00%
1022.HK,FEIYU,飞鱼科技,2026-06-17,2026-06-16,1780500,165000,+979.09%
0639.HK,SHOUGANG RES,首钢资源,2026-06-17,2026-06-16,74986000,6981344,+974.09%
0306.HK,KWOON CHUNG BUS,冠忠巴士集团,2026-06-17,2026-06-16,106000,10000,+960.00%
8059.HK,GLORY FLAME,朝威控股,2026-06-17,2026-06-16,155000,15000,+933.33%
1726.HK,HKE HOLDINGS,HKE HOLDINGS,2026-06-17,2026-06-16,835000,81712,+921.88%
1718.HK,WAN KEI GROUP,宏基集团控股,2026-06-17,2026-06-16,961500,95000,+912.11%
1650.HK,HYGIEIA GROUP,HYGIEIA GROUP,2026-06-17,2026-06-16,1288000,128000,+906.25%
9689.HK,JTF INTL,金泰丰国际控股,2026-06-17,2026-06-16,120000,12000,+900.00%
0928.HK,KING INTL INV,帝王国际投资,2026-06-17,2026-06-16,13747250,1380000,+896.18%
1443.HK,FULUM GP HLDG,富临集团控股,2026-06-17,2026-06-16,198000,20000,+890.00%
1870.HK,ACME INTL HLDGS,益美国际控股,2026-06-17,2026-06-16,2560000,262500,+875.24%
8462.HK,OMNIBRIDGE HLDG,中安控股集团,2026-06-17,2026-06-16,190000,20000,+850.00%
0422.HK,VMEP HOLDINGS,越南制造加工出口,2026-06-17,2026-06-16,274000,29000,+844.83%
8622.HK,JOYZYME GROUP,愉悦集团,2026-06-17,2026-06-16,296000,32000,+825.00%
2360.HK,BEST MART 360,优品３６０,2026-06-17,2026-06-16,386000,42000,+819.05%
1930.HK,SHINELONG,勋龙,2026-06-17,2026-06-16,512000,56000,+814.29%
8239.HK,CAPITAL FIN,首都金融控股,2026-06-17,2026-06-16,121548,13500,+800.36%
1738.HK,FS ANTHRACITE,飞尚无烟煤,2026-06-17,2026-06-16,1125000,127500,+782.35%
0332.HK,YUANHENG GAS,元亨燃气,2026-06-17,2026-06-16,9580600,1092000,+777.34%
0950.HK,LEE'S PHARM,李氏大药厂,2026-06-17,2026-06-16,2562000,293000,+774.40%
0602.HK,JIAHUA STORES H,佳华百货控股,2026-06-17,2026-06-16,305000,35000,+771.43%
8267.HK,LINEKONG,蓝港互动,2026-06-17,2026-06-16,251000,30500,+722.95%
2111.HK,BEST PACIFIC,超盈国际控股,2026-06-17,2026-06-16,294000,36000,+716.67%
0582.HK,SHIN HWA WORLD,神话世界,2026-06-17,2026-06-16,1957000,240000,+715.42%
2227.HK,SOLIS HOLDINGS,守益控股,2026-06-17,2026-06-16,388000,48000,+708.33%
2383.HK,TOM GROUP,ＴＯＭ集团,2026-06-17,2026-06-16,150000,20000,+650.00%
0348.HK,CHINAHEALTHWISE,中国智能健康,2026-06-17,2026-06-16,1330000,180000,+638.89%
3997.HK,TSO,电讯首科,2026-06-17,2026-06-16,278000,38000,+631.58%
0339.HK,WEBX HOLDING,全球数字控股,2026-06-17,2026-06-16,140000,20000,+600.00%
0280.HK,KING FOOK HOLD,景福集团,2026-06-17,2026-06-16,428000,62000,+590.32%
3989.HK,CAPITAL ENV,首创环境,2026-06-17,2026-06-16,5822000,850000,+584.94%
1890.HK,CHINA KEPEI,中国科培,2026-06-17,2026-06-16,2067992,308000,+571.43%
2886.HK,BINHAI INV,滨海投资,2026-06-17,2026-06-16,188000,28000,+571.43%
1257.HK,CEB GREENTECH,中国光大绿色环保,2026-06-17,2026-06-16,201000,30000,+570.00%
1742.HK,HPC HOLDINGS,HPC HOLDINGS,2026-06-17,2026-06-16,2085000,325000,+541.54%
6989.HK,EXCELLENCE CM,卓越商企服务,2026-06-17,2026-06-16,515000,81000,+535.80%
9928.HK,TIMES NEIGHBOR,时代邻里,2026-06-17,2026-06-16,1206923,195000,+518.93%
0932.HK,SHUNTEN INTL,顺腾国际控股,2026-06-17,2026-06-16,2604000,428000,+508.41%
1134.HK,KELFRED,恒发光学,2026-06-17,2026-06-16,764000,128000,+496.88%
1889.HK,SANAI HEALTH GP,三爱健康集团,2026-06-17,2026-06-16,239100,40400,+491.83%
1953.HK,RIMBACO,RIMBACO,2026-06-17,2026-06-16,14345000,2425000,+491.55%
2283.HK,TK GROUP HLDG,东江集团控股,2026-06-17,2026-06-16,604000,104000,+480.77%
3996.HK,CH ENERGY ENG,中国能源建设,2026-06-17,2026-06-16,117116000,20221000,+479.18%
8095.HK,BEIDA JADE BIRD,北大青鸟环宇,2026-06-17,2026-06-16,3201000,567000,+464.55%
3399.HK,YUEYUN TRANS,粤运交通,2026-06-17,2026-06-16,203000,36000,+463.89%
0827.HK,KO YO GROUP,玖源集团,2026-06-17,2026-06-16,2276000,408000,+457.84%
1939.HK,SHANGSHAN GOLD,上善黄金,2026-06-17,2026-06-16,776000,140000,+454.29%
0210.HK,DAPHNE INT'L,达芙妮国际,2026-06-17,2026-06-16,208000,38000,+447.37%
8611.HK,MINDTELL TECH,九福来,2026-06-17,2026-06-16,520000,95000,+447.37%
0657.HK,G-VISION INT'L,环科国际,2026-06-17,2026-06-16,2678000,494000,+442.11%
1114.HK,BRILLIANCE CHI,BRILLIANCE CHI,2026-06-17,2026-06-16,51978430,9655879,+438.31%
8238.HK,WINTO GROUP,惠陶集团,2026-06-17,2026-06-16,808000,152000,+431.58%
9958.HK,LITIAN PICTURES,力天影业,2026-06-17,2026-06-16,5176000,975000,+430.87%
1632.HK,MSCTECH,民商创科,2026-06-17,2026-06-16,430000,82000,+424.39%
0818.HK,HI SUN TECH,高阳科技,2026-06-17,2026-06-16,519000,102000,+408.82%
1713.HK,SICHUAN EN INV,四川能投发展,2026-06-17,2026-06-16,192000,38000,+405.26%
3398.HK,CHINA TING,华鼎控股,2026-06-17,2026-06-16,208000,42000,+395.24%
0876.HK,KAISA HEALTH,佳兆业健康,2026-06-17,2026-06-16,10770000,2180000,+394.04%
1969.HK,CHINA CHUNLAI,中国春来,2026-06-17,2026-06-16,367000,76000,+382.89%
0581.HK,CHINA ORIENTAL,中国东方集团,2026-06-17,2026-06-16,3128000,654000,+378.29%
3383.HK,AGILE GROUP,雅居乐集团,2026-06-17,2026-06-16,4132000,864000,+378.24%
1057.HK,ZHEJIANG SHIBAO,浙江世宝,2026-06-17,2026-06-16,22642000,4764000,+375.27%
1690.HK,LAP KEI ENGRG,立基工程控股,2026-06-17,2026-06-16,1790000,380000,+371.05%
3390.HK,TYCOON GROUP,满贯集团,2026-06-17,2026-06-16,3766000,800000,+370.75%
3323.HK,CNBM,中国建材,2026-06-17,2026-06-16,430908116,91781669,+369.49%
1581.HK,PROGRESSIVE P,进升集团控股,2026-06-17,2026-06-16,1070000,230000,+365.22%
0574.HK,PASHUN INT'L,百信国际,2026-06-17,2026-06-16,928000,200000,+364.00%
1413.HK,FEG HOLDINGS,铸帝控股,2026-06-17,2026-06-16,1343000,294000,+356.80%
1498.HK,PURAPHARM,培力农本方,2026-06-17,2026-06-16,1279000,283000,+351.94%
2238.HK,GAC GROUP,广汽集团,2026-06-17,2026-06-16,32949515,7305754,+351.01%
1181.HK,TANG PALACE,唐宫中国,2026-06-17,2026-06-16,1369000,308000,+344.48%
2186.HK,LUYE PHARMA,绿叶制药,2026-06-17,2026-06-16,130203000,29693000,+338.50%
1739.HK,QEEKA HOME,齐屹科技,2026-06-17,2026-06-16,595000,137500,+332.73%
1696.HK,SISRAM MED,复锐医疗科技,2026-06-17,2026-06-16,1867200,438400,+325.91%
1425.HK,JUSTIN ALLEN H,捷隆控股,2026-06-17,2026-06-16,680000,160000,+325.00%
0560.HK,CHU KONG SHIP,珠江船务,2026-06-17,2026-06-16,194000,46000,+321.74%
1888.HK,KB LAMINATES,建滔积层板,2026-06-17,2026-06-16,317893061,76409078,+316.04%
8076.HK,SING LEE,新利软件,2026-06-17,2026-06-16,4680000,1130000,+314.16%
2098.HK,ZALL SMARTCOM,卓尔智联,2026-06-17,2026-06-16,412000,101000,+307.92%
2230.HK,MEDIALINK GROUP,羚邦集团,2026-06-17,2026-06-16,120000,30000,+300.00%
1305.HK,WAI CHI HOLD,伟志控股,2026-06-17,2026-06-16,718000,181000,+296.69%
0149.HK,CH AGRI-PROD EX,中国农产品交易,2026-06-17,2026-06-16,895993,226129,+296.23%
1499.HK,OKG TECH,欧科云链,2026-06-17,2026-06-16,1530000,390000,+292.31%
0660.HK,WAI CHUN BIOTEC,玮俊生物科技,2026-06-17,2026-06-16,160000,41000,+290.24%
1854.HK,CHINA WANTIAN,中国万天控股,2026-06-17,2026-06-16,390000,100000,+290.00%
0329.HK,OCI INTL,东建国际,2026-06-17,2026-06-16,728000,188000,+287.23%
1455.HK,FOURACE IND GP,科利实业控股,2026-06-17,2026-06-16,135000,35000,+285.71%
8305.HK,ST HLDGS,圣唐控股,2026-06-17,2026-06-16,4740000,1230000,+285.37%
8311.HK,PERFECT OPT,圆美光电,2026-06-17,2026-06-16,460000,120000,+283.33%
0302.HK,CMGE,中手游,2026-06-17,2026-06-16,1444000,378000,+282.01%
3311.HK,CHINA STATE CON,中国建筑国际,2026-06-17,2026-06-16,21372247,5650000,+278.27%
2187.HK,ZHIXIN GP HLDG,智欣集团控股,2026-06-17,2026-06-16,482000,128000,+276.56%
0873.HK,SHIMAO SERVICES,世茂服务,2026-06-17,2026-06-16,3773000,1009000,+273.93%
0318.HK,VONGROUP,黄河实业,2026-06-17,2026-06-16,130000,35000,+271.43%
0889.HK,DATRONIX HOLD,连达科技控股,2026-06-17,2026-06-16,6612000,1792000,+268.97%
0196.HK,HONGHUA GROUP,宏华集团,2026-06-17,2026-06-16,1210000,331000,+265.56%
3883.HK,CHINA AOYUAN,中国奥园,2026-06-17,2026-06-16,9978000,2742474,+263.83%
1652.HK,FUSEN PHARM,福森药业,2026-06-17,2026-06-16,167000,46000,+263.04%
0357.HK,MEILAN AIRPORT,美兰空港,2026-06-17,2026-06-16,780000,217103,+259.28%
0563.HK,SH IND URBAN,上实城市开发,2026-06-17,2026-06-16,113200,32400,+249.38%
0173.HK,K. WAH INT'L,嘉华国际,2026-06-17,2026-06-16,2985835,857599,+248.16%
1899.HK,XINGDA INT'L,兴达国际,2026-06-17,2026-06-16,235000,68000,+245.59%
1568.HK,SUNDART HLDGS,承达集团,2026-06-17,2026-06-16,310000,90000,+244.44%
0123.HK,YUEXIU PROPERTY,越秀地产,2026-06-17,2026-06-16,17246465,5036503,+242.43%
8527.HK,JLOGO HLDGS,聚利宝控股,2026-06-17,2026-06-16,2105000,625000,+236.80%
6123.HK,YTO INTL EXP,圆通国际快递,2026-06-17,2026-06-16,162000,49000,+230.61%
0365.HK,SINO ICT,芯成科技,2026-06-17,2026-06-16,3576000,1090000,+228.07%
8400.HK,ASIA PIONEER,亚洲先锋娱乐,2026-06-17,2026-06-16,130000,40000,+225.00%
8143.HK,GF HEALTHCARE,金威医疗,2026-06-17,2026-06-16,226400,70000,+223.43%
9987.HK,YUM CHINA,百胜中国,2026-06-17,2026-06-16,2159498,670163,+222.23%
1094.HK,CHERISH SUN,承辉国际,2026-06-17,2026-06-16,128000,40000,+220.00%
8168.HK,AMASSE CAPITAL,宝积资本,2026-06-17,2026-06-16,600000,190000,+215.79%
8042.HK,KOS TALENT GP,高奥士人才集团,2026-06-17,2026-06-16,630000,200000,+215.00%
0617.HK,PALIBURG HOLD,百利保控股,2026-06-17,2026-06-16,452000,144000,+213.89%
0586.HK,CONCH VENTURE,海螺创业,2026-06-17,2026-06-16,19830500,6415000,+209.13%
1068.HK,YURUN FOOD,雨润食品,2026-06-17,2026-06-16,1686436,548000,+207.74%
9982.HK,CENTRALCHINA MT,中原建业,2026-06-17,2026-06-16,4257333,1384000,+207.61%
0334.HK,CH DISPLAY OPT,华显光电,2026-06-17,2026-06-16,688000,224000,+207.14%
0259.HK,YEEBO (INT'L H),亿都（国际控股）,2026-06-17,2026-06-16,4700400,1532000,+206.81%
0579.HK,JNCEC,京能清洁能源,2026-06-17,2026-06-16,18212000,5996000,+203.74%
8365.HK,HATCHER GROUP,亦辰集团,2026-06-17,2026-06-16,1514600,500000,+202.92%
6969.HK,SMOORE INTL,思摩尔国际,2026-06-17,2026-06-16,26397307,8841687,+198.56%
2342.HK,COMBA,京信通信,2026-06-17,2026-06-16,9337368,3132000,+198.13%
3603.HK,XINJI SHAXI,信基沙溪,2026-06-17,2026-06-16,1419000,495000,+186.67%
0052.HK,FAIRWOOD HOLD,大快活集团,2026-06-17,2026-06-16,428000,149500,+186.29%
8120.HK,CH DEMETER FIN,国农金融投资,2026-06-17,2026-06-16,200000,70000,+185.71%
1778.HK,COLOUR LIFE,彩生活,2026-06-17,2026-06-16,217000,77000,+181.82%
0862.HK,VISION VAL-NEW,远见控股（新）,2026-06-17,2026-06-16,933000,333800,+179.51%
1773.HK,TIANLI INT HLDG,天立国际控股,2026-06-17,2026-06-16,11937000,4340000,+175.05%
1978.HK,LH GROUP,叙福楼集团,2026-06-17,2026-06-16,582000,212000,+174.53%
1830.HK,PERFECT MEDICAL,完美医疗,2026-06-17,2026-06-16,1080975,397733,+171.78%
2051.HK,VALA,VALA,2026-06-17,2026-06-16,4450000,1641050,+171.17%
1618.HK,MCC,中国中冶,2026-06-17,2026-06-16,10206000,3764000,+171.15%
0045.HK,HK&S HOTELS,大酒店,2026-06-17,2026-06-16,132500,49000,+170.41%
0398.HK,ORIENTAL WATCH,东方表行集团,2026-06-17,2026-06-16,510000,189120,+169.67%
1432.HK,CHINA SHENGMU,中国圣牧,2026-06-17,2026-06-16,1899000,705000,+169.36%
0520.HK,XIABUXIABU,呷哺呷哺,2026-06-17,2026-06-16,1877726,707000,+165.59%
0989.HK,CHINA CBS INTL,中国长白山国际,2026-06-17,2026-06-16,180000,68000,+164.71%
2219.HK,CHAOJU EYE CARE,朝聚眼科,2026-06-17,2026-06-16,411000,155500,+164.31%
1733.HK,E-COMMODITIES,易大宗,2026-06-17,2026-06-16,1149250,436750,+163.14%
8271.HK,GDC,环球数码创意,2026-06-17,2026-06-16,426000,162000,+162.96%
1681.HK,CONSUN PHARMA,康臣药业,2026-06-17,2026-06-16,2817000,1079100,+161.05%
2348.HK,DAWNRAYS PHARMA,东瑞制药,2026-06-17,2026-06-16,104000,40000,+160.00%
0806.HK,VALUE PARTNERS,惠理集团,2026-06-17,2026-06-16,2886000,1116000,+158.60%
0511.HK,TVB,电视广播,2026-06-17,2026-06-16,661600,257000,+157.43%
1085.HK,HXTL,亨鑫科技,2026-06-17,2026-06-16,404000,158000,+155.70%
0899.HK,ZHONG JIA GX,中加国信,2026-06-17,2026-06-16,940000,370700,+153.57%
3382.HK,TIANJINPORT DEV,天津港发展,2026-06-17,2026-06-16,4874000,1938000,+151.50%
3680.HK,RUIHE DATA,瑞和数智,2026-06-17,2026-06-16,1242000,494000,+151.42%
0384.HK,CHINA GAS HOLD,中国燃气,2026-06-17,2026-06-16,28522725,11378462,+150.67%
0882.HK,TIANJIN DEV,天津发展,2026-06-17,2026-06-16,940000,376000,+150.00%
0591.HK,C HIGHPRECISION,中国高精密,2026-06-17,2026-06-16,1022000,412000,+148.06%
0632.HK,CHK OIL,中港石油,2026-06-17,2026-06-16,3202000,1292000,+147.83%
3658.HK,NEW HOPE SERV,新希望服务,2026-06-17,2026-06-16,517000,209000,+147.37%
0040.HK,GOLD PEAK,金山科技工业,2026-06-17,2026-06-16,106000,43000,+146.51%
6885.HK,JINMA ENERGY,金马能源,2026-06-17,2026-06-16,285000,116000,+145.69%
0255.HK,LUNG KEE,龙记集团,2026-06-17,2026-06-16,156000,64000,+143.75%
3818.HK,CHINA DONGXIANG,中国动向,2026-06-17,2026-06-16,1583000,651000,+143.16%
8635.HK,ELEPHANT HLDGS,大象控股集团,2026-06-17,2026-06-16,1244000,512000,+142.97%
0738.HK,LE SAUNDA,莱尔斯丹,2026-06-17,2026-06-16,170000,70000,+142.86%
3600.HK,MODERN DENTAL,现代牙科,2026-06-17,2026-06-16,674690,279999,+140.96%
1520.HK,VIRTUAL MIND,天机控股,2026-06-17,2026-06-16,1141000,474000,+140.72%
0064.HK,GET NICE,结好控股,2026-06-17,2026-06-16,223200,94395,+136.45%
2139.HK,BANK OF GANSU,甘肃银行,2026-06-17,2026-06-16,1399000,592000,+136.32%
8217.HK,JU FU TANG BIOT,菊福堂生物,2026-06-17,2026-06-16,435000,184375,+135.93%
8491.HK,COOL LINK,COOL LINK,2026-06-17,2026-06-16,4290000,1835000,+133.79%
1025.HK,KNT HOLDINGS,嘉艺控股,2026-06-17,2026-06-16,7188000,3088000,+132.77%
9983.HK,CC NEW LIFE,建业新生活,2026-06-17,2026-06-16,1258000,542000,+132.10%
3389.HK,HENGDELI,亨得利,2026-06-17,2026-06-16,2848000,1228000,+131.92%
1201.HK,TESSON HOLDINGS,天臣控股,2026-06-17,2026-06-16,2134200,927000,+130.23%
2126.HK,JW THERAP-B,药明巨诺－Ｂ,2026-06-17,2026-06-16,1367000,594000,+130.13%
0997.HK,CHINLINK INTL,普汇中金国际,2026-06-17,2026-06-16,184000,80000,+130.00%
0711.HK,ASIA ALLIED INF,亚洲联合基建控股,2026-06-17,2026-06-16,558000,244000,+128.69%
0655.HK,HK CHINESE LTD,香港华人有限公司,2026-06-17,2026-06-16,494000,218000,+126.61%
0258.HK,TOMSON GROUP,汤臣集团,2026-06-17,2026-06-16,598000,263894,+126.61%
8198.HK,CRYPTO FLOW,加幂科技,2026-06-17,2026-06-16,1072000,476000,+125.21%
1026.HK,UNIVERSAL TECH,环球实业科技,2026-06-17,2026-06-16,270000,120000,+125.00%
1528.HK,RS MACALLINE,红星美凯龙,2026-06-17,2026-06-16,4610800,2053400,+124.54%
1884.HK,EPRINT GROUP,ＥＰＲＩＮＴ集团,2026-06-17,2026-06-16,188000,84000,+123.81%
2314.HK,LEE & MAN PAPER,理文造纸,2026-06-17,2026-06-16,4531220,2031000,+123.10%
0220.HK,U-PRESID CHINA,统一企业中国,2026-06-17,2026-06-16,9062868,4073300,+122.49%
1660.HK,SEVEN ELEMENTS,七元投资,2026-06-17,2026-06-16,8424000,3792000,+122.15%
2607.HK,SH PHARMA,上海医药,2026-06-17,2026-06-16,4833200,2177400,+121.97%
1643.HK,MODERN CHI MED,现代中药集团,2026-06-17,2026-06-16,1161000,525000,+121.14%
0451.HK,GCL NEWENERGY,协鑫新能源,2026-06-17,2026-06-16,3906578,1779099,+119.58%
8507.HK,I.CENTURY HLDG,爱世纪集团,2026-06-17,2026-06-16,2324000,1072000,+116.79%
6063.HK,LOTUS HORIZON,智中国际,2026-06-17,2026-06-16,952000,440000,+116.36%
1024.HK,KUAISHOU-W,快手－Ｗ,2026-06-17,2026-06-16,76851994,35741225,+115.02%
2488.HK,LAUNCH TECH,元征科技,2026-06-17,2026-06-16,632000,294000,+114.97%
0681.HK,CHI PEOPLE HOLD,中民控股,2026-06-17,2026-06-16,2014000,937616,+114.80%
1917.HK,DOUMOB,豆盟科技,2026-06-17,2026-06-16,450000,210000,+114.29%
0439.HK,GENESIS SCALE,瀚源控股,2026-06-17,2026-06-16,248000,116000,+113.79%
8321.HK,TAI KAM HLDGS,泰锦控股,2026-06-17,2026-06-16,128000,60000,+113.33%
1907.HK,CHINA RISUN GP,中国旭阳集团,2026-06-17,2026-06-16,28416000,13357147,+112.74%
8079.HK,WISDOMCOME GP,仍志集团控股,2026-06-17,2026-06-16,666637,313500,+112.64%
2166.HK,SMART-CORE,芯智控股,2026-06-17,2026-06-16,2138780,1014000,+110.93%
1608.HK,VPOWER GROUP,伟能集团,2026-06-17,2026-06-16,1982000,944000,+109.96%
0923.HK,IWS,综合环保集团,2026-06-17,2026-06-16,2010000,958000,+109.81%
2858.HK,YIXIN,易鑫集团,2026-06-17,2026-06-16,20893536,10074501,+107.39%
0346.HK,YANCHANG PETRO,延长石油国际,2026-06-17,2026-06-16,765000,370000,+106.76%
0048.HK,C AUTO INT DECO,中国汽车内饰,2026-06-17,2026-06-16,152400,74000,+105.95%
1997.HK,WHARF REIC,九龙仓置业,2026-06-17,2026-06-16,3739258,1821179,+105.32%
1582.HK,CR CONSTRUCTION,华营建筑,2026-06-17,2026-06-16,117500,57500,+104.35%
0776.HK,IMPERIUM TEC GP,帝国科技集团,2026-06-17,2026-06-16,4305500,2113500,+103.71%
6826.HK,HAOHAI BIOTEC,昊海生物科技,2026-06-17,2026-06-16,344100,169160,+103.42%
1631.HK,REF HOLDINGS,REF HOLDINGS,2026-06-17,2026-06-16,355000,175000,+102.86%
2322.HK,MODERN INNO DT,新质数字,2026-06-17,2026-06-16,1848000,912000,+102.63%
2382.HK,SUNNY OPTICAL,舜宇光学科技,2026-06-17,2026-06-16,24501688,12105493,+102.40%
0177.HK,JIANGSU EXPRESS,江苏宁沪高速公路,2026-06-17,2026-06-16,8490710,4200150,+102.15%
0565.HK,ART GROUP HOLD,锦艺集团控股,2026-06-17,2026-06-16,11725000,5820000,+101.46%
1855.HK,ZONQING LTD,中庆股份,2026-06-17,2026-06-16,326000,162000,+101.23%
0240.HK,BUILD KING HOLD,利基控股,2026-06-17,2026-06-16,140500,70000,+100.71%
1943.HK,KING'S STONE,金石控股集团,2026-06-17,2026-06-16,8905000,4440000,+100.56%
6138.HK,HARBIN BANK,哈尔滨银行,2026-06-17,2026-06-16,1274000,636000,+100.31%
8532.HK,POLYFAIR HLDGS,宝发控股,2026-06-17,2026-06-16,224000,112000,+100.00%
0094.HK,GREENHEART GP,绿心集团,2026-06-17,2026-06-16,800000,400000,+100.00%
2343.HK,PACIFIC BASIN,太平洋航运,2026-06-17,2026-06-16,11685030,5847970,+99.81%
8547.HK,PACIFIC LEGEND,PACIFIC LEGEND,2026-06-17,2026-06-16,35900000,17970000,+99.78%
6100.HK,TONGDAO LIEPIN,同道猎聘,2026-06-17,2026-06-16,359877,181200,+98.61%
0171.HK,SILVER GRANT,银建国际,2026-06-17,2026-06-16,212000,9516000,-97.77%
1348.HK,QUALI-SMART,滉达富控股,2026-06-17,2026-06-16,170000,5078000,-96.65%
0083.HK,SINO LAND,信和置业,2026-06-17,2026-06-16,7569848,3851824,+96.53%
0428.HK,COCOON HOLDINGS,中国天弓控股,2026-06-17,2026-06-16,200050,4624000,-95.67%
1901.HK,FEIYANG GROUP,飞扬集团,2026-06-17,2026-06-16,742000,14314000,-94.82%
1563.HK,ALLI INTL ED LE,友联国际教育租赁,2026-06-17,2026-06-16,237000,4495000,-94.73%
3337.HK,ANTON OILFIELD,安东油田服务,2026-06-17,2026-06-16,7490000,3882000,+92.94%
0730.HK,CAPITAL IND FIN,首惠产业金融,2026-06-17,2026-06-16,109000,1519000,-92.82%
8471.HK,REACH NEW HLDGS,新达控股,2026-06-17,2026-06-16,170000,2260000,-92.48%
0661.HK,CDAYENONFER,中国大冶有色金属,2026-06-17,2026-06-16,14036250,7298000,+92.33%
8017.HK,TRADEGO,捷利交易宝,2026-06-17,2026-06-16,428000,5580000,-92.33%
1515.HK,CR MEDICAL,华润医疗,2026-06-17,2026-06-16,4029500,2098500,+92.02%
2312.HK,LONG INV CORP,ＬＯＮＧ投资集团,2026-06-17,2026-06-16,120000,62500,+92.00%
1871.HK,CHINA ORIENTED,向中国际,2026-06-17,2026-06-16,264000,3244000,-91.86%
1765.HK,XJ INTL HLDGS,希教国际控股,2026-06-17,2026-06-16,374000,4262000,-91.22%
1800.HK,CHINA COMM CONS,中国交通建设,2026-06-17,2026-06-16,16116100,8477896,+90.10%
1340.HK,HUISHENG INTL,惠生国际,2026-06-17,2026-06-16,1104000,11024000,-89.99%
1003.HK,HUANXI MEDIA,欢喜传媒,2026-06-17,2026-06-16,140000,1350000,-89.63%
0338.HK,SHANGHAI PECHEM,上海石油化工股份,2026-06-17,2026-06-16,28702024,15146000,+89.50%
1282.HK,RENZE HARVEST,中泽丰,2026-06-17,2026-06-16,136000,1280000,-89.38%
0017.HK,NEW WORLD DEV,新世界发展,2026-06-17,2026-06-16,6642809,3511213,+89.19%
1217.HK,CH INNOVATION,中国创新投资,2026-06-17,2026-06-16,1200000,10956307,-89.05%
1759.HK,SINO GAS HLDGS,中油洁能控股,2026-06-17,2026-06-16,282000,2526000,-88.84%
2389.HK,BJ HEALTH,北京健康,2026-06-17,2026-06-16,7296000,3864000,+88.82%
0022.HK,MEXAN,茂盛控股,2026-06-17,2026-06-16,1440000,12520000,-88.50%
1349.HK,FUDANZHANGJIANG,复旦张江,2026-06-17,2026-06-16,1685000,896000,+88.06%
0567.HK,DAISHOMICROLINE,大昌微线集团,2026-06-17,2026-06-16,240000,1980000,-87.88%
0356.HK,DT CAPITAL,鼎立资本,2026-06-17,2026-06-16,2730000,22440000,-87.83%
1536.HK,YUK WING GP,煜荣集团,2026-06-17,2026-06-16,120000,978000,-87.73%
1799.HK,XINTE ENERGY,新特能源,2026-06-17,2026-06-16,1780400,949600,+87.49%
1671.HK,TIANBAO ENERGY,天保能源,2026-06-17,2026-06-16,188000,1366000,-86.24%
1815.HK,EVEREST GOLD,珠峰黄金,2026-06-17,2026-06-16,796000,5604000,-85.80%
0279.HK,ARTA TECHFIN,裕承科金,2026-06-17,2026-06-16,582200,3942400,-85.23%
0139.HK,SMART FISH,小鱼盈通,2026-06-17,2026-06-16,395600,2590010,-84.73%
1861.HK,PRECIOUS DRAGON,保宝龙科技,2026-06-17,2026-06-16,356000,2268500,-84.31%
9923.HK,YEAHKA,移卡,2026-06-17,2026-06-16,416000,225814,+84.22%
0360.HK,NEW FOCUS AUTO,新焦点,2026-06-17,2026-06-16,832000,5200000,-84.00%
1450.HK,BE FRIENDS HLDG,交个朋友控股,2026-06-17,2026-06-16,558000,3482000,-83.97%
0005.HK,HSBC HOLDINGS,汇丰控股,2026-06-17,2026-06-16,20033826,10893438,+83.91%
8269.HK,GO UP EDU TECH,倍升教育科技,2026-06-17,2026-06-16,3420000,1860000,+83.87%
0588.HK,BEIJING N STAR,北京北辰实业股份,2026-06-17,2026-06-16,2698000,16714000,-83.86%
1429.HK,SKYMISSION GP,天任集团,2026-06-17,2026-06-16,328000,2016000,-83.73%
1417.HK,RIVERINE CHINA,浦江中国,2026-06-17,2026-06-16,4932000,30056181,-83.59%
1104.HK,APAC RESOURCES,亚太资源,2026-06-17,2026-06-16,11261000,6140000,+83.40%
9858.HK,YOURAN DAIRY,优然牧业,2026-06-17,2026-06-16,53647838,29264590,+83.32%
1905.HK,HAITONG UT,海通恒信,2026-06-17,2026-06-16,784000,428000,+83.18%
8137.HK,HONBRIDGE,洪桥集团,2026-06-17,2026-06-16,4464000,26300000,-83.03%
9968.HK,HUIJING HLDGS,汇景控股,2026-06-17,2026-06-16,1252000,7332000,-82.92%
0309.HK,XH NEWS MEDIA,新华通讯频媒,2026-06-17,2026-06-16,2116000,1158000,+82.73%
0151.HK,WANT WANT CHINA,中国旺旺,2026-06-17,2026-06-16,7021000,3842787,+82.71%
8191.HK,HONG WEI ASIA,鸿伟亚洲,2026-06-17,2026-06-16,747000,4295700,-82.61%
0746.HK,L & M CHEMICAL,理文化工,2026-06-17,2026-06-16,310000,170000,+82.35%
3969.HK,CHINA CRSC,中国通号,2026-06-17,2026-06-16,2667000,1465000,+82.05%
1449.HK,LEADER EDU,立德教育,2026-06-17,2026-06-16,105000,583000,-81.99%
3339.HK,LONKING,中国龙工,2026-06-17,2026-06-16,6719000,3698000,+81.69%
1472.HK,SANG HING HLDGS,生兴控股,2026-06-17,2026-06-16,290000,1575000,-81.59%
0690.HK,UNI-BIO GROUP,联康生物科技集团,2026-06-17,2026-06-16,550000,2960000,-81.42%
0397.HK,MINERVA GROUP,嬴集团,2026-06-17,2026-06-16,963300,5123598,-81.20%
1183.HK,MECOM POWER,澳能建设,2026-06-17,2026-06-16,104000,550000,-81.09%
1750.HK,REM GROUP HLDGS,全达电器集团控股,2026-06-17,2026-06-16,340000,1780000,-80.90%
1468.HK,JAKOTA CAPITAL,嘉高达资本,2026-06-17,2026-06-16,150000,780000,-80.77%
1086.HK,GOODBABY INTL,好孩子国际,2026-06-17,2026-06-16,527000,2715000,-80.59%
1777.HK,FANTASIA,花样年控股,2026-06-17,2026-06-16,2169000,1201500,+80.52%
0689.HK,EPI (HOLDINGS),长盈集团（控股）,2026-06-17,2026-06-16,6304000,3495000,+80.37%
6862.HK,HAIDILAO,海底捞,2026-06-17,2026-06-16,20691257,11472928,+80.35%
0095.HK,LVGEM CHINA,绿景中国地产,2026-06-17,2026-06-16,166000,834000,-80.10%
0209.HK,POLY XVERSE IT,万维智能科技,2026-06-17,2026-06-16,32510000,163326760,-80.10%
1037.HK,MAXNERVA TECH,云智汇科技,2026-06-17,2026-06-16,204000,1020000,-80.00%
1630.HK,KIN SHING HLDGS,建成控股,2026-06-17,2026-06-16,720000,3600000,-80.00%
0817.HK,CHINA JINMAO,中国金茂,2026-06-17,2026-06-16,17574918,86947760,-79.79%
6829.HK,DRAGON RISE GP,龙升集团控股,2026-06-17,2026-06-16,142000,79000,+79.75%
6820.HK,FRIENDTIMES,友谊时光,2026-06-17,2026-06-16,342000,1678000,-79.62%
0328.HK,ALCO HOLDINGS,ALCO HOLDINGS,2026-06-17,2026-06-16,716000,3408000,-78.99%
8219.HK,HANVEY GROUP,恒伟集团控股,2026-06-17,2026-06-16,720000,3370000,-78.64%
1937.HK,JIACHEN HOLDING,佳辰控股,2026-06-17,2026-06-16,125000,70000,+78.57%
1931.HK,ETHK LABS INC.,华检医疗,2026-06-17,2026-06-16,975000,4545000,-78.55%
3990.HK,MIDEA REAL EST,美的置业,2026-06-17,2026-06-16,283400,1315791,-78.46%
8035.HK,JANCO HOLDINGS,骏高控股,2026-06-17,2026-06-16,190000,880000,-78.41%
0719.HK,SHANDONG XINHUA,山东新华制药股份,2026-06-17,2026-06-16,845200,474000,+78.31%
1338.HK,BAWANG GROUP,霸王集团,2026-06-17,2026-06-16,284000,1300000,-78.15%
0147.HK,IB SETTLEMENT,国际商业结算,2026-06-17,2026-06-16,14805000,8320000,+77.94%
0326.HK,CHINA STAR ENT,中国星集团,2026-06-17,2026-06-16,1530720,6938838,-77.94%
0471.HK,SILKWAVE INC,中播数据,2026-06-17,2026-06-16,948000,4260000,-77.75%
6113.HK,BITSTRAT HLDGS,比特策略,2026-06-17,2026-06-16,118000,528000,-77.65%
1065.HK,TIANJIN CAPITAL,天津创业环保股份,2026-06-17,2026-06-16,1116000,4982000,-77.60%
0672.HK,ZHONGAN GROUP,众安集团,2026-06-17,2026-06-16,295000,1302400,-77.35%
1995.HK,ES SERVICES,永升服务,2026-06-17,2026-06-16,784000,3452000,-77.29%
1200.HK,MIDLAND HOLDING,美联集团,2026-06-17,2026-06-16,1794000,7826000,-77.08%
1793.HK,WECON HOLDINGS,伟工控股,2026-06-17,2026-06-16,828000,468000,+76.92%
8030.HK,FENGYINHE,丰银禾控股,2026-06-17,2026-06-16,332600,1431000,-76.76%
0315.HK,SMARTONE TELE,数码通电讯,2026-06-17,2026-06-16,824500,466500,+76.74%
0987.HK,CH RENEW EN INV,中国再生能源投资,2026-06-17,2026-06-16,328000,1392436,-76.44%
1763.HK,CIRC,中国同辐,2026-06-17,2026-06-16,107200,450600,-76.21%
2324.HK,CAPITAL VC,首都创投,2026-06-17,2026-06-16,370000,210000,+76.19%
2142.HK,HBM HOLDINGS-B,和铂医药－Ｂ,2026-06-17,2026-06-16,7784000,4428000,+75.79%
1596.HK,YICHEN IND,翼辰实业,2026-06-17,2026-06-16,470000,1904000,-75.32%
6666.HK,EVERG SERVICES,恒大物业,2026-06-17,2026-06-16,20331000,81455500,-75.04%
1399.HK,VESON HLDG,锐信控股,2026-06-17,2026-06-16,336000,192000,+75.00%
0915.HK,DAOHE GLOBAL,道和环球,2026-06-17,2026-06-16,200000,796000,-74.87%
1500.HK,INCON,现恒建筑,2026-06-17,2026-06-16,235000,915000,-74.32%
0256.HK,CITYCHAMP,冠城钟表珠宝,2026-06-17,2026-06-16,2266000,8782000,-74.20%
0178.HK,SA SA INT'L,莎莎国际,2026-06-17,2026-06-16,2420000,9358000,-74.14%
6860.HK,FINGERTANGO,指尖悦动,2026-06-17,2026-06-16,449000,1728000,-74.02%
3918.HK,NAGACORP,金界控股,2026-06-17,2026-06-16,2964559,11396300,-73.99%
0035.HK,FE CONSORT INTL,远东发展,2026-06-17,2026-06-16,300000,1144000,-73.78%
0826.HK,TIANGONG INT'L,天工国际,2026-06-17,2026-06-16,38801300,146324308,-73.48%
1621.HK,VICO INTL HLDGS,域高国际控股,2026-06-17,2026-06-16,344000,1296000,-73.46%
1526.HK,RICI HEALTH,瑞慈医疗,2026-06-17,2026-06-16,466000,269000,+73.23%
1052.HK,YUEXIUTRANSPORT,越秀交通基建,2026-06-17,2026-06-16,830300,3090000,-73.13%
1569.HK,MINSHENG EDU,民生教育,2026-06-17,2026-06-16,654000,378000,+73.02%
6080.HK,WING CHI HLDGS,荣智控股,2026-06-17,2026-06-16,144000,528000,-72.73%
1958.HK,BAIC MOTOR,北京汽车,2026-06-17,2026-06-16,6319000,3659000,+72.70%
1265.HK,TIANJINJINRAN,天津津燃公用,2026-06-17,2026-06-16,580000,2110000,-72.51%
1339.HK,PICC GROUP,中国人民保险集团,2026-06-17,2026-06-16,65709878,38098411,+72.47%
6618.HK,JD HEALTH,京东健康,2026-06-17,2026-06-16,11951512,6944354,+72.10%
1335.HK,SHEEN TAI,顺泰控股,2026-06-17,2026-06-16,1176000,684000,+71.93%
8146.HK,GRACEWINE,怡园酒业,2026-06-17,2026-06-16,150000,520000,-71.15%
8250.HK,DU DU HLDGS,都都控股,2026-06-17,2026-06-16,620000,2120000,-70.75%
0336.HK,HUABAO INTL,华宝国际,2026-06-17,2026-06-16,4511000,2642000,+70.74%
0368.HK,SUPERLAND GROUP,德合集团,2026-06-17,2026-06-16,2088000,7120000,-70.67%
0363.HK,SHANGHAI IND H,上海实业控股,2026-06-17,2026-06-16,1039000,609200,+70.55%
0895.HK,DONGJIANG ENV,东江环保,2026-06-17,2026-06-16,85334000,289347900,-70.51%
3700.HK,INKEVERSE,映宇宙,2026-06-17,2026-06-16,16044000,9413552,+70.44%
8480.HK,FURNIWEB,飞霓控股,2026-06-17,2026-06-16,192000,644000,-70.19%
1865.HK,PENGO HLDG GP,鹏高控股集团,2026-06-17,2026-06-16,3490000,2056000,+69.75%
0585.HK,IMAGI INT'L,意力国际,2026-06-17,2026-06-16,378700,1251400,-69.74%
0111.HK,CINDA INTL HLDG,信达国际控股,2026-06-17,2026-06-16,110000,362000,-69.61%
6896.HK,GOLDEN THROAT,金嗓子,2026-06-17,2026-06-16,172000,560500,-69.31%
0723.HK,RELIANCE GLO HL,信保环球控股,2026-06-17,2026-06-16,400000,1290000,-68.99%
0929.HK,IPE GROUP,国际精密,2026-06-17,2026-06-16,1995000,6365000,-68.66%
0525.HK,GUANGSHEN RAIL,广深铁路股份,2026-06-17,2026-06-16,6674195,3960000,+68.54%
0204.HK,CAPITAL REALM,资本界金控,2026-06-17,2026-06-16,170000,540000,-68.52%
0580.HK,SUN.KING TECH,赛晶科技,2026-06-17,2026-06-16,12332000,38648000,-68.09%
8473.HK,MI MING MART,弥明生活百货,2026-06-17,2026-06-16,170000,530000,-67.92%
0701.HK,CNT GROUP,CNT GROUP,2026-06-17,2026-06-16,176000,547700,-67.87%
0347.HK,ANGANG STEEL,鞍钢股份,2026-06-17,2026-06-16,1580323,4898000,-67.74%
1780.HK,RONGZUN INT'L H,荣尊国际控股,2026-06-17,2026-06-16,7984000,4760254,+67.72%
2128.HK,CHINA LESSO,中国联塑,2026-06-17,2026-06-16,10769000,6422000,+67.69%
3380.HK,LOGAN GROUP,龙光集团,2026-06-17,2026-06-16,3110000,9617000,-67.66%
0373.HK,ALLIED GROUP,联合集团,2026-06-17,2026-06-16,664000,2038000,-67.42%
0381.HK,AOM INT'L,权识国际,2026-06-17,2026-06-16,2400500,7360000,-67.38%
0573.HK,TAO HEUNG HLDGS,稻香控股,2026-06-17,2026-06-16,103000,314000,-67.20%
1981.HK,CATHAY GP HLDGS,华夏控股,2026-06-17,2026-06-16,115000,348000,-66.95%
8620.HK,AE LOGISTICS,亚洲速运,2026-06-17,2026-06-16,2465000,7430000,-66.82%
0931.HK,CHINA HK POWER,中国港能,2026-06-17,2026-06-16,2522500,1512500,+66.78%
1985.HK,MICROWARE,美高域,2026-06-17,2026-06-16,2517200,1510000,+66.70%
0535.HK,GEMDALE PPT,金地商置,2026-06-17,2026-06-16,3124922,9350000,-66.58%
0464.HK,CHINA IN-TECH,中国智能科技,2026-06-17,2026-06-16,1232000,3672000,-66.45%
1097.HK,I-CABLE COMM,有线宽频,2026-06-17,2026-06-16,617654,371073,+66.45%
0086.HK,SUN HUNG KAI CO,新鸿基公司,2026-06-17,2026-06-16,218000,131000,+66.41%
0875.HK,CONGYU INTE AGR,从玉智农,2026-06-17,2026-06-16,258000,768000,-66.41%
1222.HK,WANG ON GROUP,WANG ON GROUP,2026-06-17,2026-06-16,157779,469662,-66.41%
1836.HK,STELLA HOLDINGS,九兴控股,2026-06-17,2026-06-16,1408000,848500,+65.94%
0751.HK,SKYWORTH GROUP,创维集团,2026-06-17,2026-06-16,1056000,3096000,-65.89%
0082.HK,CRAZY SPORTS,疯狂体育,2026-06-17,2026-06-16,1180000,3444000,-65.74%
0620.HK,DTXS SILK ROAD,大唐西市,2026-06-17,2026-06-16,238000,694000,-65.71%
0656.HK,FOSUN INTL,复星国际,2026-06-17,2026-06-16,8664826,5241098,+65.32%
1415.HK,COWELL,高伟电子,2026-06-17,2026-06-16,3073367,1859098,+65.31%
1234.HK,CHINA LILANG,中国利郎,2026-06-17,2026-06-16,172000,495000,-65.25%
9929.HK,SEM HLDGS,澳达控股,2026-06-17,2026-06-16,1830000,5260000,-65.21%
1066.HK,WEIGAO GROUP,威高股份,2026-06-17,2026-06-16,32036276,19400262,+65.13%
8132.HK,CENTURY EN INTL,百能国际能源,2026-06-17,2026-06-16,300000,860000,-65.12%
0037.HK,FE HOTELS,远东酒店实业,2026-06-17,2026-06-16,478000,1368000,-65.06%
1803.HK,BJ SPORTS & ENT,北京体育文化,2026-06-17,2026-06-16,295000,840000,-64.88%
3662.HK,STARJOY W&T,星悦康旅,2026-06-17,2026-06-16,489000,1391000,-64.85%
1927.HK,JIUJIUWANG,久久王,2026-06-17,2026-06-16,355000,1005000,-64.68%
0538.HK,AJISEN (CHINA),味千（中国）,2026-06-17,2026-06-16,612000,372000,+64.52%
0966.HK,CHINA TAIPING,中国太平,2026-06-17,2026-06-16,3428887,9639046,-64.43%
2068.HK,CHALIECO,中铝国际,2026-06-17,2026-06-16,7420000,20829000,-64.38%
0720.HK,AUTO ITALIA,意达利控股,2026-06-17,2026-06-16,225000,625000,-64.00%
1572.HK,CHINA ART FIN,中国艺术金融,2026-06-17,2026-06-16,136000,376000,-63.83%
1142.HK,E&P GLOBAL,能源及能量环球,2026-06-17,2026-06-16,46956100,28670000,+63.78%
1303.HK,HUILI RES,汇力资源,2026-06-17,2026-06-16,548000,1512000,-63.76%
3698.HK,HUISHANG BANK,徽商银行,2026-06-17,2026-06-16,8983955,5490000,+63.64%
0152.HK,SHENZHEN INT'L,深圳国际,2026-06-17,2026-06-16,5516671,15127214,-63.53%
1682.HK,HP LIVING TECH,杭品生活科技,2026-06-17,2026-06-16,1380000,844000,+63.51%
1522.HK,BII TRANS TECH,京投交通科技,2026-06-17,2026-06-16,332000,908000,-63.44%
1942.HK,MOG DIGITECH,马可数字科技,2026-06-17,2026-06-16,2550000,6956000,-63.34%
1208.HK,MMG,五矿资源,2026-06-17,2026-06-16,80995108,220878490,-63.33%
2313.HK,SHENZHOU INTL,申洲国际,2026-06-17,2026-06-16,6306739,3861879,+63.31%
2208.HK,GOLDWIND,金风科技,2026-06-17,2026-06-16,9503048,25844200,-63.23%
0975.HK,MONGOL MINING,MONGOL MINING,2026-06-17,2026-06-16,3874100,10442000,-62.90%
0343.HK,CULTURECOM HOLD,文化传信,2026-06-17,2026-06-16,1555000,4185600,-62.85%
1146.HK,HUICHENG INTL H,汇成国际控股,2026-06-17,2026-06-16,2370000,1456200,+62.75%
0392.HK,BEIJING ENT,北京控股,2026-06-17,2026-06-16,2421880,1488704,+62.68%
1143.HK,CN ENGY STORAGE,中国储能科技发展,2026-06-17,2026-06-16,124000,332000,-62.65%
0838.HK,EVA HOLDINGS,亿和控股,2026-06-17,2026-06-16,2200000,5838000,-62.32%
9961.HK,TRIP.COM-S,携程集团－Ｓ,2026-06-17,2026-06-16,1742022,1073619,+62.26%
6608.HK,BAIRONG-W,百融云－Ｗ,2026-06-17,2026-06-16,445500,1178000,-62.18%
0062.HK,TRANSPORT INT'L,载通,2026-06-17,2026-06-16,152000,93796,+62.05%
1872.HK,GUAN CHAO HLDGS,冠轈控股,2026-06-17,2026-06-16,670000,1765000,-62.04%
0918.HK,MAJESTIC DRAGON,龙翼航空科技,2026-06-17,2026-06-16,19089000,50143000,-61.93%
0772.HK,CHINA LIT,阅文集团,2026-06-17,2026-06-16,3652400,9518471,-61.63%
1196.HK,REALORD GROUP,伟禄集团,2026-06-17,2026-06-16,912000,2374000,-61.58%
0465.HK,FUTONG TECH,富通科技,2026-06-17,2026-06-16,903000,2342000,-61.44%
1473.HK,PANGAEA CONNECT,环联连讯,2026-06-17,2026-06-16,4514000,2800000,+61.21%
1312.HK,KONTA CHINA,华控康泰,2026-06-17,2026-06-16,3492000,2172000,+60.77%
2359.HK,WUXI APPTEC,药明康德,2026-06-17,2026-06-16,1761633,4486400,-60.73%
1140.HK,HK.AI CAPITAL,华科智能投资,2026-06-17,2026-06-16,8356000,5200000,+60.69%
1053.HK,CHONGQING IRON,重庆钢铁股份,2026-06-17,2026-06-16,4864000,12354000,-60.63%
0366.HK,LUKS GROUP (VN),陆氏集团（越南）,2026-06-17,2026-06-16,434000,1100000,-60.55%
3833.HK,XINXIN MINING,新疆新鑫矿业,2026-06-17,2026-06-16,1110000,2813000,-60.54%
1045.HK,APT SATELLITE,亚太卫星,2026-06-17,2026-06-16,2616000,6623000,-60.50%
0522.HK,ASMPT,ASMPT,2026-06-17,2026-06-16,6138799,3826199,+60.44%
6110.HK,TOPSPORTS,滔搏,2026-06-17,2026-06-16,8334402,5219000,+59.69%
0031.HK,CHINA AEROSPACE,航天控股,2026-06-17,2026-06-16,11443060,28368904,-59.66%
2727.HK,SH ELECTRIC,上海电气,2026-06-17,2026-06-16,30280100,18970520,+59.62%
6933.HK,SINO-ENTERTAIN,新娱科控股,2026-06-17,2026-06-16,2414000,5976000,-59.61%
0400.HK,INGDAN,硬蛋创新,2026-06-17,2026-06-16,15845500,9933998,+59.51%
1186.HK,CHINA RAIL CONS,中国铁建,2026-06-17,2026-06-16,6021500,3777000,+59.43%
0267.HK,CITIC,中信股份,2026-06-17,2026-06-16,30966500,19442549,+59.27%
8395.HK,ZXZN QI-HOUSE,中显智能齐家控股,2026-06-17,2026-06-16,2100000,1320000,+59.09%
1323.HK,HUASHENG INTL,华盛国际控股,2026-06-17,2026-06-16,7575000,18431730,-58.90%
1716.HK,MOST KWAI CHUNG,毛记葵涌,2026-06-17,2026-06-16,1446036,3513000,-58.84%
3618.HK,CQRC BANK,重庆农村商业银行,2026-06-17,2026-06-16,5337085,12967960,-58.84%
1737.HK,A & S GROUP,亚洲实业集团,2026-06-17,2026-06-16,540000,340000,+58.82%
1459.HK,JUJIANG CONS,巨匠建设,2026-06-17,2026-06-16,108000,68000,+58.82%
0868.HK,XINYI GLASS,信义玻璃,2026-06-17,2026-06-16,5404098,13069485,-58.65%
6128.HK,GRAPHEX GROUP,烯石电车新材料,2026-06-17,2026-06-16,2570000,1620000,+58.64%
6601.HK,CHEERWIN GP,朝云集团,2026-06-17,2026-06-16,1072500,676500,+58.54%
1278.HK,CHINANEWTOWN,中国新城镇,2026-06-17,2026-06-16,4975000,3140000,+58.44%
1929.HK,CHOW TAI FOOK,周大福,2026-06-17,2026-06-16,11735228,7411064,+58.35%
9979.HK,GREENTOWN MGMT,绿城管理控股,2026-06-17,2026-06-16,1570000,3768666,-58.34%
2798.HK,PER ENERGY,久泰邦达能源,2026-06-17,2026-06-16,130000,310000,-58.06%
6058.HK,CISI FIN,兴证国际,2026-06-17,2026-06-16,412000,978000,-57.87%
1288.HK,ABC,农业银行,2026-06-17,2026-06-16,96810956,61350955,+57.80%
1798.HK,DATANG RENEW,大唐新能源,2026-06-17,2026-06-16,2808000,6631000,-57.65%
2001.HK,NEW HIGHER EDU,新高教集团,2026-06-17,2026-06-16,1182000,2787188,-57.59%
1662.HK,YEE HOP HLDGS,义合控股,2026-06-17,2026-06-16,104000,66000,+57.58%
0611.HK,CNE TECH CORP,中国核能科技,2026-06-17,2026-06-16,924000,2166000,-57.34%
9600.HK,NEWLINK TECH,新纽科技,2026-06-17,2026-06-16,208000,486400,-57.24%
0229.HK,RAYMOND IND,利民实业,2026-06-17,2026-06-16,220000,140000,+57.14%
1205.HK,CITIC RESOURCES,中信资源,2026-06-17,2026-06-16,8552000,19918000,-57.06%
1796.HK,METASPACEX,中国数智科技,2026-06-17,2026-06-16,710000,1652000,-57.02%
1669.HK,GIC GROUP,环球信贷集团,2026-06-17,2026-06-16,606000,386000,+56.99%
1979.HK,TEN PAO GROUP,天宝集团,2026-06-17,2026-06-16,880000,2044000,-56.95%
1857.HK,CEB WATER,中国光大水务,2026-06-17,2026-06-16,257000,597000,-56.95%
0391.HK,MEI AH ENTER,美亚娱乐资讯,2026-06-17,2026-06-16,3420000,2180000,+56.88%
0553.HK,NANJING PANDA,南京熊猫电子股份,2026-06-17,2026-06-16,17304000,11034000,+56.82%
9966.HK,ALPHAMAB-B,康宁杰瑞制药－Ｂ,2026-06-17,2026-06-16,1342000,856000,+56.78%
0127.HK,CHINESE EST H,华人置业,2026-06-17,2026-06-16,161500,373000,-56.70%
8279.HK,AGTECH HOLDINGS,亚博科技控股,2026-06-17,2026-06-16,5924000,13674000,-56.68%
1633.HK,SHEUNG YUE GP,上谕集团,2026-06-17,2026-06-16,936000,2157000,-56.61%
8299.HK,GT GOLD,大唐黄金,2026-06-17,2026-06-16,13416000,30914000,-56.60%
1756.HK,CHI SCI&EDU IND,中国科教产业,2026-06-17,2026-06-16,200000,128000,+56.25%
1033.HK,SINOPEC SSC,中石化油服,2026-06-17,2026-06-16,19336000,43880000,-55.93%
1330.HK,DYNAGREEN ENV,绿色动力环保,2026-06-17,2026-06-16,658000,1489000,-55.81%
2880.HK,LIAONING PORT,辽港股份,2026-06-17,2026-06-16,1178000,2656000,-55.65%
1940.HK,CGII HLDGS,CGII HLDGS,2026-06-17,2026-06-16,124000,278000,-55.40%
1720.HK,PUTIAN COMM,普天通信集团,2026-06-17,2026-06-16,5924000,3812000,+55.40%
1162.HK,LUMINA GROUP,莹岚集团,2026-06-17,2026-06-16,992000,2224000,-55.40%
1571.HK,XIN POINT HOLD,信邦控股,2026-06-17,2026-06-16,850000,547000,+55.39%
0621.HK,TAUNG GOLD,坛金矿业,2026-06-17,2026-06-16,5334000,11945000,-55.35%
0590.HK,LUK FOOK HOLD,六福集团,2026-06-17,2026-06-16,991000,639020,+55.08%
2119.HK,TSIT WING INTL,捷荣国际控股,2026-06-17,2026-06-16,214000,138000,+55.07%
0916.HK,CHINA LONGYUAN,龙源电力,2026-06-17,2026-06-16,29585230,65808259,-55.04%
1760.HK,INTRON TECH,英恒科技,2026-06-17,2026-06-16,7578000,16836882,-54.99%
1069.HK,CN HEALTH TECH,中国健康科技集团,2026-06-17,2026-06-16,1578400,3504400,-54.96%
0331.HK,FSE LIFESTYLE,丰盛生活服务,2026-06-17,2026-06-16,164000,106000,+54.72%
8193.HK,ASIAPAC FIN INV,亚太金融投资,2026-06-17,2026-06-16,1060000,2330000,-54.51%
9978.HK,FINELAND LIVING,方圆生活服务,2026-06-17,2026-06-16,432000,280000,+54.29%
6668.HK,E-STAR CM,星盛商业,2026-06-17,2026-06-16,239000,155000,+54.19%
6069.HK,SY HOLDINGS,盛业,2026-06-17,2026-06-16,5975000,3875000,+54.19%
1725.HK,C STRATEGIC TEC,中国技术集团,2026-06-17,2026-06-16,2689600,5863200,-54.13%
1211.HK,BYD COMPANY,比亚迪股份,2026-06-17,2026-06-16,26625914,17289596,+54.00%
0199.HK,ITC PROPERTIES,德祥地产,2026-06-17,2026-06-16,5204000,3380043,+53.96%
1769.HK,SCHOLAR EDU,思考乐教育,2026-06-17,2026-06-16,3461000,2250000,+53.82%
1811.HK,CGN NEW ENERGY,中广核新能源,2026-06-17,2026-06-16,7166000,15516870,-53.82%
1385.HK,SHANGHAI FUDAN,上海复旦,2026-06-17,2026-06-16,4008600,2607000,+53.76%
2951.HK,SOFTMEDX-OLD,京玖康疗（旧）,2026-06-17,2026-06-16,104250,225000,-53.67%
8413.HK,ASIA GROCERY,亚洲富思,2026-06-17,2026-06-16,600000,1290000,-53.49%
1079.HK,PINE TECH,松景科技,2026-06-17,2026-06-16,460000,984000,-53.25%
9922.HK,JIUMAOJIU,九毛九,2026-06-17,2026-06-16,4761000,3107000,+53.23%
0667.HK,CHINA EAST EDU,中国东方教育,2026-06-17,2026-06-16,9295000,19797000,-53.05%
1302.HK,LIFETECH SCI,先健科技,2026-06-17,2026-06-16,6722000,14316000,-53.05%
0023.HK,BANK OF E ASIA,东亚银行,2026-06-17,2026-06-16,1063605,695005,+53.04%
1277.HK,KINETIC DEV,力量发展,2026-06-17,2026-06-16,29198000,19080000,+53.03%
0376.HK,YUNFENG FIN,云锋金融,2026-06-17,2026-06-16,3566000,2334000,+52.78%
0960.HK,LONGFOR GROUP,龙湖集团,2026-06-17,2026-06-16,21126766,44692778,-52.73%
2678.HK,TEXHONG INTL GP,天虹国际集团,2026-06-17,2026-06-16,117500,77000,+52.60%
0460.HK,SIHUAN PHARM,四环医药,2026-06-17,2026-06-16,17394000,36672000,-52.57%
0884.HK,CIFI HOLD GP,旭辉控股集团,2026-06-17,2026-06-16,35878000,75556400,-52.51%
2155.HK,MORIMATSU INTL,森松国际,2026-06-17,2026-06-16,7609000,4994000,+52.36%
0616.HK,ASSET CHAIN,财富链,2026-06-17,2026-06-16,4865000,10180000,-52.21%
9616.HK,NEUTECH GROUP,东软睿新集团,2026-06-17,2026-06-16,184800,121600,+51.97%
1313.HK,CR BLDG MAT TEC,华润建材科技,2026-06-17,2026-06-16,18352000,12086000,+51.85%
0355.HK,CENTURY C INT'L,世纪城市国际,2026-06-17,2026-06-16,868000,1798000,-51.72%
9633.HK,NONGFU SPRING,农夫山泉,2026-06-17,2026-06-16,4534698,2989490,+51.69%
6622.HK,ZHAOKE OPHTH-B,兆科眼科－Ｂ,2026-06-17,2026-06-16,588000,1217000,-51.68%
0410.HK,SOHO CHINA,ＳＯＨＯ中国,2026-06-17,2026-06-16,1158000,763500,+51.67%
0716.HK,SINGAMAS CONT,胜狮货柜,2026-06-17,2026-06-16,724000,478000,+51.46%
0822.HK,KA SHUI INT'L,嘉瑞国际,2026-06-17,2026-06-16,434000,894000,-51.45%
1180.HK,PARADISE ENT,汇彩控股,2026-06-17,2026-06-16,1300000,858500,+51.43%
0401.HK,WANJIA GROUP,万嘉集团,2026-06-17,2026-06-16,484181,320000,+51.31%
1121.HK,GOLDENSOLAR,金阳新能源,2026-06-17,2026-06-16,922000,1892000,-51.27%
0863.HK,OSL GROUP,ＯＳＬ集团,2026-06-17,2026-06-16,1592173,3265000,-51.24%
1952.HK,EVEREST MED,云顶新耀,2026-06-17,2026-06-16,4086083,2703600,+51.13%
3908.HK,CICC,中金公司,2026-06-17,2026-06-16,11857179,24256357,-51.12%
2255.HK,HAICHANG HLDG,海昌海洋公园,2026-06-17,2026-06-16,37026000,75697000,-51.09%
0087.HK,SWIRE PACIFIC B,太古股份公司Ｂ,2026-06-17,2026-06-16,489219,1000000,-51.08%
0695.HK,DONGWU CEMENT,东吴水泥,2026-06-17,2026-06-16,954000,1946000,-50.98%
0321.HK,TEXWINCA HOLD,德永佳集团,2026-06-17,2026-06-16,1784000,3628000,-50.83%
0968.HK,XINYI SOLAR,信义光能,2026-06-17,2026-06-16,27489810,55584315,-50.54%
0162.HK,CENTURY GINWA,世纪金花,2026-06-17,2026-06-16,712000,1438000,-50.49%
1300.HK,TRIGIANT,俊知集团,2026-06-17,2026-06-16,6746000,13626000,-50.49%
0637.HK,LEE KEE,利记,2026-06-17,2026-06-16,136000,274000,-50.36%
2129.HK,LEGION CONSO,LEGION CONSO,2026-06-17,2026-06-16,435000,875000,-50.29%
0472.HK,NEW SILKROAD,新丝路控股集团,2026-06-17,2026-06-16,310000,620000,-50.00%
0831.HK,CR ASIA,利亚零售,2026-06-17,2026-06-16,250000,500000,-50.00%
0145.HK,CCIAM FUTURE EN,信能低碳,2026-06-17,2026-06-16,144000,288000,-50.00%
2189.HK,KATO (HK) HLDGS,嘉涛（香港）控股,2026-06-17,2026-06-16,102229,204000,-49.89%
2236.HK,WISON ENGRG,惠生工程,2026-06-17,2026-06-16,613000,409000,+49.88%
1980.HK,TIANGE,天鸽互动,2026-06-17,2026-06-16,190000,379000,-49.87%
1002.HK,V.S. INT'L,威铖国际,2026-06-17,2026-06-16,184000,367000,-49.86%
0305.HK,WULING MOTORS,五菱汽车,2026-06-17,2026-06-16,860000,1710000,-49.71%
2552.HK,HUA MEDICINE-B,华领医药－Ｂ,2026-06-17,2026-06-16,1393000,2756700,-49.47%
6828.HK,BG BLUE SKY,北京燃气蓝天,2026-06-17,2026-06-16,1736000,3432000,-49.42%
6162.HK,TR INTERIORS,天瑞汽车内饰,2026-06-17,2026-06-16,2760000,5440000,-49.26%
1732.HK,XIANGXING INT,象兴国际,2026-06-17,2026-06-16,1940000,1300000,+49.23%
0103.HK,SHOUGANG CENT,首佳科技,2026-06-17,2026-06-16,106000,208000,-49.04%
2331.HK,LI NING,李宁,2026-06-17,2026-06-16,20777276,40744676,-49.01%
3313.HK,ARTGO HOLDINGS,雅高控股,2026-06-17,2026-06-16,657500,441500,+48.92%
1268.HK,MEIDONG AUTO,美东汽车,2026-06-17,2026-06-16,259596,174400,+48.85%
2209.HK,YESASIA HLDGS,喆丽控股,2026-06-17,2026-06-16,144000,281000,-48.75%
9888.HK,BIDU-SW,百度集团－ＳＷ,2026-06-17,2026-06-16,5926505,11559661,-48.73%
0550.HK,ALLEGRO CULTURE,律齐文化,2026-06-17,2026-06-16,1998000,1344000,+48.66%
0813.HK,SHIMAO GROUP,世茂集团,2026-06-17,2026-06-16,10232500,19843798,-48.43%
0136.HK,CHINA RUYI,中国儒意,2026-06-17,2026-06-16,78616000,152361736,-48.40%
1538.HK,ZHONG AO HOME,中奥到家,2026-06-17,2026-06-16,210000,406000,-48.28%
0371.HK,BJ ENT WATER,北控水务集团,2026-06-17,2026-06-16,10267000,19829313,-48.22%
1972.HK,SWIREPROPERTIES,太古地产,2026-06-17,2026-06-16,4120043,2781692,+48.11%
3708.HK,WORLD DIGI ECON,世界数字经济产业,2026-06-17,2026-06-16,660000,1270000,-48.03%
0780.HK,TONGCHENGTRAVEL,同程旅行,2026-06-17,2026-06-16,9435144,6375504,+47.99%
1592.HK,ANCHORSTONE,基石控股,2026-06-17,2026-06-16,18920000,36355000,-47.96%
8446.HK,BRIGHTSTAR TECH,耀星科技集团,2026-06-17,2026-06-16,624000,422000,+47.87%
1910.HK,SAMSONITE,新秀丽,2026-06-17,2026-06-16,2663477,1802621,+47.76%
3800.HK,GCL TECH,协鑫科技,2026-06-17,2026-06-16,219290413,148419944,+47.75%
9626.HK,BILIBILI-W,哔哩哔哩－Ｗ,2026-06-17,2026-06-16,3884664,7399367,-47.50%
3836.HK,HARMONY AUTO,和谐汽车,2026-06-17,2026-06-16,1234500,2346500,-47.39%
3900.HK,GREENTOWN CHINA,绿城中国,2026-06-17,2026-06-16,8464750,16057555,-47.28%
6806.HK,SWHY,申万宏源,2026-06-17,2026-06-16,10398400,19699200,-47.21%
1928.HK,SANDS CHINA LTD,金沙中国有限公司,2026-06-17,2026-06-16,11052692,20899960,-47.12%
1128.HK,WYNN MACAU,永利澳门,2026-06-17,2026-06-16,5247600,9905400,-47.02%
1848.HK,CALC,中国飞机租赁,2026-06-17,2026-06-16,207500,141500,+46.64%
9993.HK,RADIANCE HLDGS,金辉控股,2026-06-17,2026-06-16,82586000,56344000,+46.57%
3991.HK,CHANGHONG JH,长虹佳华,2026-06-17,2026-06-16,572000,1070000,-46.54%
0118.HK,COSMOS MACH,大同机械,2026-06-17,2026-06-16,1134000,2120000,-46.51%
1913.HK,PRADA,普拉达,2026-06-17,2026-06-16,957921,1788616,-46.44%
2100.HK,BAIOO,百奥家庭互动,2026-06-17,2026-06-16,1742000,1190000,+46.39%
2601.HK,CPIC,中国太保,2026-06-17,2026-06-16,16869461,11527135,+46.35%
1579.HK,YIHAI INTL,颐海国际,2026-06-17,2026-06-16,2587000,4818560,-46.31%
0467.HK,UNITEDENERGY GP,联合能源集团,2026-06-17,2026-06-16,25682600,47738750,-46.20%
6030.HK,CITIC SEC,中信证券,2026-06-17,2026-06-16,11056237,20545584,-46.19%
0322.HK,TINGYI,康师傅控股,2026-06-17,2026-06-16,18436643,12622607,+46.06%
0839.HK,CHINA EDU GROUP,中教控股,2026-06-17,2026-06-16,9363695,17268000,-45.77%
0412.HK,SDHG,山高控股,2026-06-17,2026-06-16,3654000,2508000,+45.69%
1523.HK,PLOVER BAY TECH,珩湾科技,2026-06-17,2026-06-16,928118,1707100,-45.63%
9608.HK,SUNDY SERVICE,宋都服务,2026-06-17,2026-06-16,3420000,2350000,+45.53%
0767.HK,ZHONG JI LS,中基长寿科学,2026-06-17,2026-06-16,660000,1208000,-45.36%
1683.HK,HOPE LIFE INT,旷逸国际,2026-06-17,2026-06-16,1316000,906000,+45.25%
8391.HK,CORNERSTONE TEC,基石科技控股,2026-06-17,2026-06-16,4616000,3180000,+45.16%
8450.HK,EDICO HOLDINGS,钜京控股,2026-06-17,2026-06-16,6400000,4410000,+45.12%
1751.HK,AI ENERGY ENG,智算能建,2026-06-17,2026-06-16,110000,200000,-45.00%
1757.HK,GLOBAL CHI BC,环球华商俱乐部,2026-06-17,2026-06-16,300260,207530,+44.68%
2048.HK,E-HOUSE ENT,易居企业控股,2026-06-17,2026-06-16,869400,1571100,-44.66%
3315.HK,GOLDPAC GROUP,金邦达宝嘉,2026-06-17,2026-06-16,337000,233000,+44.64%
2282.HK,MGM CHINA,美高梅中国,2026-06-17,2026-06-16,5827251,10526800,-44.64%
1606.HK,CDB LEASING,国银金租,2026-06-17,2026-06-16,1260000,2270000,-44.49%
0775.HK,CKLIFE SCIENCES,长江生命科技,2026-06-17,2026-06-16,1223060,2200000,-44.41%
6127.HK,JOINN,昭衍新药,2026-06-17,2026-06-16,1676872,1163232,+44.16%
0301.HK,SANVO CHEMICALS,三和精化,2026-06-17,2026-06-16,1357700,943187,+43.95%
9996.HK,PEIJIA-B,沛嘉医疗－Ｂ,2026-06-17,2026-06-16,895000,1596000,-43.92%
3690.HK,MEITUAN-W,美团－Ｗ,2026-06-17,2026-06-16,22509016,40104507,-43.87%
0227.HK,FIRST SHANGHAI,第一上海,2026-06-17,2026-06-16,248000,440000,-43.64%
3301.HK,RONSHINECHINA,融信中国,2026-06-17,2026-06-16,746500,520000,+43.56%
0618.HK,PKU RESOURCES,北大资源,2026-06-17,2026-06-16,184000,326000,-43.56%
0922.HK,ANXIANYUAN CH,安贤园中国,2026-06-17,2026-06-16,1450000,1010000,+43.56%
0568.HK,SHANDONG MOLONG,山东墨龙,2026-06-17,2026-06-16,40374800,28123600,+43.56%
1156.HK,CHINANEWENERGY,CHINANEWENERGY,2026-06-17,2026-06-16,384000,680000,-43.53%
3347.HK,TIGERMED,泰格医药,2026-06-17,2026-06-16,1555024,2752800,-43.51%
1070.HK,TCL ELECTRONICS,ＴＣＬ电子,2026-06-17,2026-06-16,5704000,10095524,-43.50%
2588.HK,BOC AVIATION,中银航空租赁,2026-06-17,2026-06-16,889174,620105,+43.39%
1119.HK,IDREAMSKY,创梦天地,2026-06-17,2026-06-16,2888800,2014800,+43.38%
2078.HK,PANASIALUM,荣阳实业,2026-06-17,2026-06-16,308000,215000,+43.26%
8659.HK,YIK WO INTL,易和国际控股,2026-06-17,2026-06-16,505000,890000,-43.26%
3318.HK,CHINA BOTON,中国波顿,2026-06-17,2026-06-16,432000,760303,-43.18%
0905.HK,WALNUT CAP,胡桃资本,2026-06-17,2026-06-16,160000,112000,+42.86%
1167.HK,JACOBIO-B,加科思－Ｂ,2026-06-17,2026-06-16,1938720,3392297,-42.85%
1894.HK,HANG YICK HLDGS,恒益控股,2026-06-17,2026-06-16,135000,236000,-42.80%
0752.HK,PICO FAR EAST,PICO FAR EAST,2026-06-17,2026-06-16,744544,1300000,-42.73%
0688.HK,CHINA OVERSEAS,中国海外发展,2026-06-17,2026-06-16,80118499,56136389,+42.72%
0737.HK,BAY AREA DEV,湾区发展,2026-06-17,2026-06-16,148000,258400,-42.72%
1209.HK,CHINA RES MIXC,华润万象生活,2026-06-17,2026-06-16,5109456,8906011,-42.63%
1963.HK,BCQ,重庆银行,2026-06-17,2026-06-16,2499229,1753680,+42.51%
3898.HK,TIMES ELECTRIC,时代电气,2026-06-17,2026-06-16,3458104,6015336,-42.51%
1617.HK,NANFANG COMM,南方通信,2026-06-17,2026-06-16,6608000,11476000,-42.42%
1912.HK,CONTEL,康特隆,2026-06-17,2026-06-16,2857000,4954500,-42.34%
0358.HK,JIANGXI COPPER,江西铜业股份,2026-06-17,2026-06-16,10270450,17813579,-42.34%
0605.HK,C FIN SERVICES,中国金融投资管理,2026-06-17,2026-06-16,114200,198000,-42.32%
9668.HK,CBHB,渤海银行,2026-06-17,2026-06-16,3787500,6564500,-42.30%
0433.HK,NORTH MINING,北方矿业,2026-06-17,2026-06-16,18140000,31440000,-42.30%
0953.HK,SHAW BROTHERS,邵氏兄弟控股,2026-06-17,2026-06-16,606000,426000,+42.25%
8646.HK,CHINA HONGGUANG,中国宏光,2026-06-17,2026-06-16,2772000,1950000,+42.15%
1599.HK,UCD,城建设计,2026-06-17,2026-06-16,296000,511000,-42.07%
3320.HK,CHINARES PHARMA,华润医药,2026-06-17,2026-06-16,7926500,5580830,+42.03%
3738.HK,VOBILE GROUP,阜博集团,2026-06-17,2026-06-16,9058000,15594000,-41.91%
2138.HK,EC HEALTHCARE,医思健康,2026-06-17,2026-06-16,208000,358000,-41.90%
0425.HK,MINTH GROUP,敏实集团,2026-06-17,2026-06-16,3433304,2420043,+41.87%
3718.HK,BJ ENT URBAN,北控城市资源,2026-06-17,2026-06-16,128000,220000,-41.82%
1676.HK,GAODI HOLDINGS,高地股份,2026-06-17,2026-06-16,6276000,4432000,+41.61%
6993.HK,BLUE MOON GROUP,蓝月亮集团,2026-06-17,2026-06-16,2111000,3600000,-41.36%
3668.HK,YANCOAL AUS,兖煤澳大利亚,2026-06-17,2026-06-16,4723700,3342600,+41.32%
0270.HK,GUANGDONG INV,粤海投资,2026-06-17,2026-06-16,8146182,13881762,-41.32%
1762.HK,WANKA ONLINE,万咖壹联,2026-06-17,2026-06-16,4985002,8492000,-41.30%
3983.HK,CHINA BLUECHEM,中海石油化学,2026-06-17,2026-06-16,3660000,2592000,+41.20%
1877.HK,JUNSHI BIO,君实生物,2026-06-17,2026-06-16,2616800,1853400,+41.19%
1345.HK,SH PIONEER HLDG,上海先锋控股,2026-06-17,2026-06-16,103000,73000,+41.10%
8087.HK,CHINA 33 GROUP,中国三三集团,2026-06-17,2026-06-16,135375,96000,+41.02%
0232.HK,CON AERO TECH,大陆航空科技控股,2026-06-17,2026-06-16,46520969,78810550,-40.97%
2005.HK,SSY GROUP,石四药集团,2026-06-17,2026-06-16,7484000,5314000,+40.84%
0883.HK,CNOOC,中国海洋石油,2026-06-17,2026-06-16,161481341,114726492,+40.75%
1918.HK,SUNAC,融创中国,2026-06-17,2026-06-16,138246000,233126800,-40.70%
2025.HK,RUIFENG POWER,瑞丰动力,2026-06-17,2026-06-16,422000,300000,+40.67%
0217.HK,CHINA CHENGTONG,中国诚通发展集团,2026-06-17,2026-06-16,2102000,3538000,-40.59%
2866.HK,COSCO SHIP DEV,中远海发,2026-06-17,2026-06-16,13588000,9674000,+40.46%
0762.HK,CHINA UNICOM,中国联通,2026-06-17,2026-06-16,40912703,29129786,+40.45%
0650.HK,PRODUCTIVE TECH,普达特科技,2026-06-17,2026-06-16,8908000,14944000,-40.39%
1460.HK,ICO GROUP,扬科集团,2026-06-17,2026-06-16,1040000,1744000,-40.37%
0686.HK,BJ ENERGY INTL,北京能源国际,2026-06-17,2026-06-16,443000,742000,-40.30%
6690.HK,HAIER SMARTHOME,海尔智家,2026-06-17,2026-06-16,10230688,17117514,-40.23%
0855.HK,CHINA WATER,中国水务,2026-06-17,2026-06-16,894000,638001,+40.13%
1842.HK,GROWN UP GROUP,植华集团,2026-06-17,2026-06-16,300000,500000,-40.00%
0012.HK,HENDERSON LAND,恒基地产,2026-06-17,2026-06-16,5355974,8922994,-39.98%
1044.HK,HENGAN INT'L,恒安国际,2026-06-17,2026-06-16,3095903,2211813,+39.97%
0836.HK,CHINA RES POWER,华润电力,2026-06-17,2026-06-16,19926649,14236336,+39.97%
0200.HK,MELCO INT'L DEV,新濠国际发展,2026-06-17,2026-06-16,3991782,6640384,-39.89%
1020.HK,CIPRUN TECH,中细软科技,2026-06-17,2026-06-16,3788000,2708000,+39.88%
3816.HK,KFM KINGDOM,ＫＦＭ金德,2026-06-17,2026-06-16,308000,512000,-39.84%
3808.HK,SINOTRUK,中国重汽,2026-06-17,2026-06-16,9548515,15853551,-39.77%
0179.HK,JOHNSON ELEC H,德昌电机控股,2026-06-17,2026-06-16,11748501,8413443,+39.64%
2728.HK,JINTAI ENERGY H,金泰能源控股,2026-06-17,2026-06-16,2876000,4748000,-39.43%
1999.HK,MAN WAH HLDGS,敏华控股,2026-06-17,2026-06-16,10246800,16888414,-39.33%
0921.HK,HISENSE HA,海信家电,2026-06-17,2026-06-16,707000,1165000,-39.31%
0636.HK,KLN,KLN,2026-06-17,2026-06-16,931500,669334,+39.17%
0623.HK,SINOMEDIA,中视金桥,2026-06-17,2026-06-16,1114000,801000,+39.08%
0257.HK,EB ENVIRONMENT,光大环境,2026-06-17,2026-06-16,14867639,10689932,+39.08%
3993.HK,CMOC,洛阳钼业,2026-06-17,2026-06-16,45207230,74082097,-38.98%
1957.HK,MBV INTL,大人国际,2026-06-17,2026-06-16,207500,340000,-38.97%
1667.HK,DIMMI LIFE HLDG,迪米生活控股,2026-06-17,2026-06-16,110000,180000,-38.89%
9992.HK,POP MART,泡泡玛特,2026-06-17,2026-06-16,11812944,19310176,-38.83%
6699.HK,ANGELALIGN,时代天使,2026-06-17,2026-06-16,295339,482190,-38.75%
0169.HK,WANDA HOTEL DEV,万达酒店发展,2026-06-17,2026-06-16,3683000,6007000,-38.69%
1651.HK,TSUGAMI CHINA,津上机床中国,2026-06-17,2026-06-16,975443,1590059,-38.65%
6869.HK,YOFC,长飞光纤光缆,2026-06-17,2026-06-16,20405759,14718303,+38.64%
6939.HK,MEGAIN,美佳音控股,2026-06-17,2026-06-16,610000,440000,+38.64%
8178.HK,CHINA INFO TECH,中国信息科技,2026-06-17,2026-06-16,156000,254236,-38.64%
0124.HK,GD LAND,粤海置地,2026-06-17,2026-06-16,310235,504560,-38.51%
1818.HK,ZHAOJIN MINING,招金矿业,2026-06-17,2026-06-16,11419664,18561768,-38.48%
0323.HK,MAANSHAN IRON,马鞍山钢铁股份,2026-06-17,2026-06-16,10843810,7834000,+38.42%
6865.HK,FLAT GLASS,福莱特玻璃,2026-06-17,2026-06-16,2201556,3569000,-38.31%
1126.HK,DREAM INT'L,德林国际,2026-06-17,2026-06-16,365500,592500,-38.31%
1137.HK,HK TECH VENTURE,香港科技探索,2026-06-17,2026-06-16,623000,1009000,-38.26%
0857.HK,PETROCHINA,中国石油股份,2026-06-17,2026-06-16,79410624,128583370,-38.24%
1715.HK,AI HEALTH TECH,智慧健康科技,2026-06-17,2026-06-16,210000,340000,-38.24%
1686.HK,SUNEVISION,新意网集团,2026-06-17,2026-06-16,5328267,8616333,-38.16%
1709.HK,DL HOLDINGS GP,德林控股,2026-06-17,2026-06-16,2781000,4495000,-38.13%
1638.HK,KAISA GROUP,佳兆业集团,2026-06-17,2026-06-16,11768000,18940507,-37.87%
1286.HK,IMPRO PRECISION,鹰普精密,2026-06-17,2026-06-16,3765530,6058596,-37.85%
1691.HK,JS GLOBAL LIFE,ＪＳ环球生活,2026-06-17,2026-06-16,4024000,6474000,-37.84%
1516.HK,SUNAC SERVICES,融创服务,2026-06-17,2026-06-16,4529064,7283565,-37.82%
0933.HK,VIVA GOODS,非凡领越,2026-06-17,2026-06-16,1642000,1192000,+37.75%
1898.HK,CHINA COAL,中煤能源,2026-06-17,2026-06-16,15549300,11291023,+37.71%
0337.HK,GREENLAND HK,绿地香港,2026-06-17,2026-06-16,205600,330000,-37.70%
1233.HK,TIMES CHINA,时代中国控股,2026-06-17,2026-06-16,389000,283000,+37.46%
0081.HK,CH OVS G OCEANS,中国海外宏洋集团,2026-06-17,2026-06-16,4292000,6833000,-37.19%
1152.HK,MOMENTUM FIN,正乾金融控股,2026-06-17,2026-06-16,8578000,13642000,-37.12%
9926.HK,AKESO,康方生物,2026-06-17,2026-06-16,10427477,16577974,-37.10%
6136.HK,KANGDA ENV,康达环保,2026-06-17,2026-06-16,1126000,822000,+36.98%
6036.HK,APEX ACE HLDG,光丽科技,2026-06-17,2026-06-16,1620000,2565000,-36.84%
0728.HK,CHINA TELECOM,中国电信,2026-06-17,2026-06-16,67089200,106196530,-36.83%
1858.HK,CHUNLI MEDICAL,春立医疗,2026-06-17,2026-06-16,686750,1087000,-36.82%
2162.HK,KEYMED BIO-B,康诺亚－Ｂ,2026-06-17,2026-06-16,2285066,1672340,+36.64%
2231.HK,JY GRANDMARK,景业名邦集团,2026-06-17,2026-06-16,4461000,7023000,-36.48%
6818.HK,CEB BANK,中国光大银行,2026-06-17,2026-06-16,15124000,23718500,-36.24%
0387.HK,LEEPORT(HOLD),力丰（集团）,2026-06-17,2026-06-16,234000,172000,+36.05%
2377.HK,BOQI ENV,博奇环保,2026-06-17,2026-06-16,151000,235735,-35.95%
0717.HK,EMPEROR CAPITAL,英皇资本,2026-06-17,2026-06-16,11076000,8148000,+35.94%
3877.HK,CSSC SHIPPING,中国船舶租赁,2026-06-17,2026-06-16,16049400,25038380,-35.90%
9688.HK,ZAI LAB,再鼎医药,2026-06-17,2026-06-16,7907231,12330300,-35.87%
0874.HK,BAIYUNSHAN PH,白云山,2026-06-17,2026-06-16,690100,1074000,-35.74%
0189.HK,DONGYUE GROUP,东岳集团,2026-06-17,2026-06-16,66305158,103102826,-35.69%
1655.HK,OKURA HOLDINGS,OKURA HOLDINGS,2026-06-17,2026-06-16,10265000,15930000,-35.56%
2669.HK,CHINA OVS PPT,中海物业,2026-06-17,2026-06-16,12490000,9217900,+35.50%
0288.HK,WH GROUP,万洲国际,2026-06-17,2026-06-16,34162391,25220574,+35.45%
2885.HK,PEIPORT HOLD,彼岸控股,2026-06-17,2026-06-16,184000,284000,-35.21%
6185.HK,CANSINOBIO,康希诺生物,2026-06-17,2026-06-16,393100,606400,-35.17%
1389.HK,MAJOR HLDGS,美捷汇控股,2026-06-17,2026-06-16,288000,444000,-35.14%
3888.HK,KINGSOFT,金山软件,2026-06-17,2026-06-16,8703362,13381902,-34.96%
1372.HK,C CARBONNEUTRAL,中国碳中和,2026-06-17,2026-06-16,449000,690000,-34.93%
6823.HK,HKT-SS,香港电讯－ＳＳ,2026-06-17,2026-06-16,4903680,7531332,-34.89%
3369.HK,QHD PORT,秦港股份,2026-06-17,2026-06-16,457000,701500,-34.85%
1788.HK,GUOTAI JUNAN I,国泰君安国际,2026-06-17,2026-06-16,47540164,35290000,+34.71%
3933.HK,UNITED LAB,联邦制药,2026-06-17,2026-06-16,4232000,6474230,-34.63%
2319.HK,MENGNIU DAIRY,蒙牛乳业,2026-06-17,2026-06-16,12031078,18404634,-34.63%
0434.HK,BOYAA,博雅互动,2026-06-17,2026-06-16,1070000,1627000,-34.23%
0914.HK,CONCH CEMENT,海螺水泥,2026-06-17,2026-06-16,5315733,3960456,+34.22%
6049.HK,POLY PPT SER,保利物业,2026-06-17,2026-06-16,429000,651800,-34.18%
8196.HK,FUTIAN HOLDINGS,福田股份,2026-06-17,2026-06-16,1384000,1032000,+34.11%
0784.HK,LING YUI,凌锐控股,2026-06-17,2026-06-16,1820000,2760000,-34.06%
0291.HK,CHINA RES BEER,华润啤酒,2026-06-17,2026-06-16,10076796,15280896,-34.06%
2338.HK,WEICHAI POWER,潍柴动力,2026-06-17,2026-06-16,17087635,25762160,-33.67%
2232.HK,CRYSTAL INTL,晶苑国际,2026-06-17,2026-06-16,3619500,2710030,+33.56%
0030.HK,YNBY INTL,云白国际,2026-06-17,2026-06-16,1506000,1128000,+33.51%
9990.HK,ARCHOSAUR GAMES,祖龙娱乐,2026-06-17,2026-06-16,284000,427000,-33.49%
1658.HK,PSBC,邮储银行,2026-06-17,2026-06-16,52479350,39358214,+33.34%
1416.HK,CTR HOLDINGS,CTR HOLDINGS,2026-06-17,2026-06-16,240000,180000,+33.33%
3329.HK,BOCOM INTL,交银国际,2026-06-17,2026-06-16,3760232,2821322,+33.28%
1368.HK,XTEP INT'L,特步国际,2026-06-17,2026-06-16,6522506,9728500,-32.95%
1647.HK,GRANDSHORES,雄岸科技,2026-06-17,2026-06-16,465000,350000,+32.86%
1936.HK,RITAMIX,利特米,2026-06-17,2026-06-16,186000,140000,+32.86%
0860.HK,APOLLO FMG,ＡＰＯＬＬＯ出行,2026-06-17,2026-06-16,283800,213800,+32.74%
0934.HK,SINOPEC KANTONS,中石化冠德,2026-06-17,2026-06-16,3318000,2502000,+32.61%
0316.HK,OOIL,东方海外国际,2026-06-17,2026-06-16,868622,655042,+32.61%
0604.HK,SHENZHEN INVEST,深圳控股,2026-06-17,2026-06-16,5406000,4082000,+32.44%
1501.HK,INT MEDICAL,瑛泰医疗,2026-06-17,2026-06-16,163400,241800,-32.42%
3737.HK,ZHONGZHIPHARM,中智药业,2026-06-17,2026-06-16,316000,467000,-32.33%
7747.HK,,,2026-06-17,2026-06-16,15023755,11356148,+32.30%
0842.HK,LEOCH INT'L,理士国际,2026-06-17,2026-06-16,1089000,1607000,-32.23%
0865.HK,JIANDE INT'L,建德国际控股,2026-06-17,2026-06-16,2370800,3496000,-32.19%
2696.HK,HENLIUS,复宏汉霖,2026-06-17,2026-06-16,478349,362274,+32.04%
2899.HK,ZIJIN MINING,紫金矿业,2026-06-17,2026-06-16,43989661,64715320,-32.03%
1028.HK,C.BANNER,千百度,2026-06-17,2026-06-16,3729000,5481000,-31.96%
1122.HK,QINGLING MOTORS,庆铃汽车股份,2026-06-17,2026-06-16,308000,452000,-31.86%
0003.HK,HK & CHINA GAS,香港中华煤气,2026-06-17,2026-06-16,29652639,22493266,+31.83%
9901.HK,NEW ORIENTAL-S,新东方－Ｓ,2026-06-17,2026-06-16,2638055,3856506,-31.59%
1672.HK,ASCLETIS-B,歌礼制药－Ｂ,2026-06-17,2026-06-16,1341350,1959840,-31.56%
0679.HK,ASIA TELE-N-5K,亚洲联网（五千）,2026-06-17,2026-06-16,905400,1322500,-31.54%
1157.HK,ZOOMLION,中联重科,2026-06-17,2026-06-16,8836532,6718641,+31.52%
0833.HK,ALLTRONICS,华讯,2026-06-17,2026-06-16,3152000,4602000,-31.51%
2007.HK,COUNTRY GARDEN,碧桂园,2026-06-17,2026-06-16,256144110,372977894,-31.32%
1112.HK,H&H INTL HLDG,Ｈ＆Ｈ国际控股,2026-06-17,2026-06-16,1821001,2647000,-31.21%
2388.HK,BOC HONG KONG,中银香港,2026-06-17,2026-06-16,13903007,10601945,+31.14%
0990.HK,DEEP SOURCE,至源控股,2026-06-17,2026-06-16,17750000,13552250,+30.97%
0981.HK,SMIC,中芯国际,2026-06-17,2026-06-16,97503473,74473870,+30.92%
2339.HK,BWI INT'L,京西国际,2026-06-17,2026-06-16,1218000,1762400,-30.89%
0090.HK,PUXING ENERGY,普星能量,2026-06-17,2026-06-16,542000,784000,-30.87%
1030.HK,SEAZEN,新城发展,2026-06-17,2026-06-16,21678007,31358000,-30.87%
0811.HK,XINHUA WINSHARE,新华文轩,2026-06-17,2026-06-16,625000,904000,-30.86%
2777.HK,R&F PROPERTIES,富力地产,2026-06-17,2026-06-16,1353200,1954000,-30.75%
0821.HK,VC HOLDINGS,汇盈控股,2026-06-17,2026-06-16,456000,656000,-30.49%
0069.HK,SHANGRI-LA ASIA,香格里拉（亚洲）,2026-06-17,2026-06-16,522000,750800,-30.47%
0142.HK,FIRST PACIFIC,第一太平,2026-06-17,2026-06-16,4455998,3416000,+30.44%
0700.HK,TENCENT,腾讯控股,2026-06-17,2026-06-16,16962934,24323142,-30.26%
0853.HK,MICROPORT,微创医疗,2026-06-17,2026-06-16,7821000,11207015,-30.21%
0293.HK,CATHAY PAC AIR,国泰航空,2026-06-17,2026-06-16,10693097,15319408,-30.20%
2883.HK,CHINA OILFIELD,中海油田服务,2026-06-17,2026-06-16,6481913,4978336,+30.20%
0382.HK,EDVANTAGE GROUP,中汇集团,2026-06-17,2026-06-16,786776,1126061,-30.13%
2171.HK,CARSGEN-B,科济药业－Ｂ,2026-06-17,2026-06-16,4305500,3309500,+30.10%
3110.HK,,,2026-06-17,2026-06-16,705950,543041,+30.00%
0396.HK,HING LEE (HK),兴利（香港）控股,2026-06-17,2026-06-16,712000,548000,+29.93%
2000.HK,SIM TECH,晨讯科技,2026-06-17,2026-06-16,258000,368000,-29.89%
8041.HK,INTELLIMARK AI,中微智码,2026-06-17,2026-06-16,615000,875000,-29.71%
9618.HK,JD-SW,京东集团－ＳＷ,2026-06-17,2026-06-16,4991510,7094792,-29.65%
0135.HK,KUNLUN ENERGY,昆仑能源,2026-06-17,2026-06-16,14346843,20392602,-29.65%
1783.HK,ENVISION GREEN,晋景新能,2026-06-17,2026-06-16,11257000,8683352,+29.64%
0834.HK,KANGDA FOOD,康大食品,2026-06-17,2026-06-16,140000,108000,+29.63%
2799.HK,CITIC FAMC,中信金融资产,2026-06-17,2026-06-16,95681000,73829150,+29.60%
0006.HK,POWER ASSETS,电能实业,2026-06-17,2026-06-16,4309544,3326115,+29.57%
0117.HK,TIANLI HOLDINGS,天利控股集团,2026-06-17,2026-06-16,18132714,25744400,-29.57%
1876.HK,BUD APAC,百威亚太,2026-06-17,2026-06-16,14215800,20145297,-29.43%
0097.HK,HENDERSON INV,恒基发展,2026-06-17,2026-06-16,269000,381000,-29.40%
6060.HK,ZA ONLINE,众安在线,2026-06-17,2026-06-16,18199375,25763300,-29.36%
8147.HK,MILLENNIUM PG,汇思太平洋,2026-06-17,2026-06-16,136000,105250,+29.22%
0521.HK,CWT INT'L,CWT INT'L,2026-06-17,2026-06-16,8050000,11360000,-29.14%
9989.HK,HEPALINK,海普瑞,2026-06-17,2026-06-16,201000,283500,-29.10%
0606.HK,SCE CM,中骏商管,2026-06-17,2026-06-16,1120000,1578000,-29.02%
2218.HK,ANDRE JUICE,安德利果汁,2026-06-17,2026-06-16,20157612,28391490,-29.00%
2211.HK,UNI HEALTH,大健康国际,2026-06-17,2026-06-16,125000,175000,-28.57%
0014.HK,HYSAN DEV,希慎兴业,2026-06-17,2026-06-16,1155942,1617816,-28.55%
1113.HK,CK ASSET,长实集团,2026-06-17,2026-06-16,3514207,2734017,+28.54%
0165.HK,CHINA EB LTD,中国光大控股,2026-06-17,2026-06-16,7142000,5558000,+28.50%
3330.HK,LINGBAO GOLD,灵宝黄金,2026-06-17,2026-06-16,12947180,18071527,-28.36%
2618.HK,JD LOGISTICS,京东物流,2026-06-17,2026-06-16,7893218,11011107,-28.32%
1061.HK,ESSEX BIO-TECH,亿胜生物科技,2026-06-17,2026-06-16,193000,269000,-28.25%
6822.HK,KING'S FLAIR,科劲国际,2026-06-17,2026-06-16,218000,170000,+28.24%
1766.HK,CRRC,中国中车,2026-06-17,2026-06-16,12136550,16877960,-28.09%
3838.HK,CHINA STARCH,中国淀粉,2026-06-17,2026-06-16,2030000,1585000,+28.08%
1735.HK,CENTRAL NEW EGY,中环新能源,2026-06-17,2026-06-16,9115000,7121000,+28.00%
1055.HK,CHINA SOUTH AIR,中国南方航空股份,2026-06-17,2026-06-16,11922180,16548068,-27.95%
0856.HK,VSTECS,伟仕佳杰,2026-06-17,2026-06-16,4351955,6036500,-27.91%
1478.HK,Q TECH,丘钛科技,2026-06-17,2026-06-16,6862782,9515050,-27.87%
0763.HK,ZTE,中兴通讯,2026-06-17,2026-06-16,13701904,18996204,-27.87%
0182.HK,CONCORD NE,协合新能源,2026-06-17,2026-06-16,14340000,19860000,-27.79%
0697.HK,SHOUCHENG,首程控股,2026-06-17,2026-06-16,44016000,34456000,+27.75%
0815.HK,CHI SILVER GP,中国白银集团,2026-06-17,2026-06-16,5790000,8004000,-27.66%
0721.HK,C FIN INT I-NEW,中国金融国际－新,2026-06-17,2026-06-16,492000,680000,-27.65%
2318.HK,PING AN,中国平安,2026-06-17,2026-06-16,38348516,52963084,-27.59%
0622.HK,OSHIDORI,威华达控股,2026-06-17,2026-06-16,26409000,20703200,+27.56%
0066.HK,MTR CORPORATION,港铁公司,2026-06-17,2026-06-16,3695475,5088596,-27.38%
1182.HK,SUCCESS DRAGON,胜龙国际,2026-06-17,2026-06-16,120000,165000,-27.27%
1050.HK,KARRIE INT'L,嘉利国际,2026-06-17,2026-06-16,4814000,3784000,+27.22%
1164.HK,CGN MINING,中广核矿业,2026-06-17,2026-06-16,41785000,32865710,+27.14%
0264.HK,CN INT DEV CORP,中联发展控股,2026-06-17,2026-06-16,3332000,2624000,+26.98%
1308.HK,SITC,海丰国际,2026-06-17,2026-06-16,2266737,3093405,-26.72%
0558.HK,LK TECH,力劲科技,2026-06-17,2026-06-16,1227600,1675000,-26.71%
0809.HK,GLOBAL BIO-CHEM,大成生化科技,2026-06-17,2026-06-16,9986000,7882000,+26.69%
0041.HK,GREAT EAGLE H,鹰君,2026-06-17,2026-06-16,407844,322073,+26.63%
1375.HK,CC SECURITIES,中州证券,2026-06-17,2026-06-16,13728000,10855000,+26.47%
6083.HK,WORLD-LINK LOG,环宇物流（亚洲）,2026-06-17,2026-06-16,1092000,1484000,-26.42%
1490.HK,AI X TECH,AI X TECH,2026-06-17,2026-06-16,632000,500000,+26.40%
2668.HK,PAK TAK INT'L,百德国际,2026-06-17,2026-06-16,15410000,12200000,+26.31%
1401.HK,FUTURE MACH LTD,未来机器有限公司,2026-06-17,2026-06-16,1376000,1865000,-26.22%
0830.HK,CSC DEVELOPMENT,中国建筑兴业,2026-06-17,2026-06-16,310000,246000,+26.02%
1133.HK,HARBIN ELECTRIC,哈尔滨电气,2026-06-17,2026-06-16,3131643,4232012,-26.00%
0245.HK,CHINA VERED FIN,中薇金融,2026-06-17,2026-06-16,1017510,1373510,-25.92%
3377.HK,SINO-OCEAN GP,远洋集团,2026-06-17,2026-06-16,16048000,21652111,-25.88%
6099.HK,CMSC,招商证券,2026-06-17,2026-06-16,7199101,9705238,-25.82%
1138.HK,COSCO SHIP ENGY,中远海能,2026-06-17,2026-06-16,36530986,49248009,-25.82%
2169.HK,CANGGANGRAILWAY,沧港铁路,2026-06-17,2026-06-16,368000,496000,-25.81%
2309.HK,ZO FUTURE GROUP,大象未来集团,2026-06-17,2026-06-16,4041084,5445702,-25.79%
0880.HK,SJM HOLDINGS,澳博控股,2026-06-17,2026-06-16,9157763,12332509,-25.74%
0887.HK,EMPEROR WATCH&J,英皇钟表珠宝,2026-06-17,2026-06-16,4790000,3810000,+25.72%
1548.HK,GENSCRIPT BIO,金斯瑞生物科技,2026-06-17,2026-06-16,16836907,22665066,-25.71%
2099.HK,CHINAGOLDINTL,中国黄金国际,2026-06-17,2026-06-16,786910,1058304,-25.64%
9969.HK,INNOCARE,诺诚健华,2026-06-17,2026-06-16,4980000,3964000,+25.63%
2150.HK,NAYUKI,奈雪的茶,2026-06-17,2026-06-16,2042000,2742500,-25.54%
0440.HK,DAH SING,大新金融,2026-06-17,2026-06-16,161620,216648,-25.40%
1259.HK,PROSPER FUTURE,未来发展控股,2026-06-17,2026-06-16,14695000,19689000,-25.36%
2779.HK,CH XINHUA EDU,中国新华教育,2026-06-17,2026-06-16,301000,403000,-25.31%
0101.HK,HANG LUNG PPT,恒隆地产,2026-06-17,2026-06-16,6919083,5523830,+25.26%
0902.HK,HUANENG POWER,华能国际电力股份,2026-06-17,2026-06-16,41531988,33204235,+25.08%
0268.HK,KINGDEE INT'L,金蝶国际,2026-06-17,2026-06-16,27001656,35985197,-24.96%
1071.HK,HUADIAN POWER,华电国际电力股份,2026-06-17,2026-06-16,4892000,6516000,-24.92%
1685.HK,BOER POWER,博耳电力,2026-06-17,2026-06-16,9323000,12395000,-24.78%
2016.HK,CZBANK,浙商银行,2026-06-17,2026-06-16,6180080,8201000,-24.64%
0285.HK,BYD ELECTRONIC,比亚迪电子,2026-06-17,2026-06-16,7214395,9567662,-24.60%
3633.HK,ZHONGYU ENERGY,中裕能源,2026-06-17,2026-06-16,1050000,1389000,-24.41%
2028.HK,JOLIMARK,映美控股,2026-06-17,2026-06-16,1144000,920000,+24.35%
0548.HK,SHENZHENEXPRESS,深圳高速公路股份,2026-06-17,2026-06-16,682000,548500,+24.34%
2018.HK,AAC TECH,瑞声科技,2026-06-17,2026-06-16,9604342,12691256,-24.32%
2683.HK,WAHSUN HANDBAGS,华新手袋国际控股,2026-06-17,2026-06-16,820000,660000,+24.24%
1184.HK,S.A.S. DRAGON,S.A.S. DRAGON,2026-06-17,2026-06-16,132000,174000,-24.14%
8188.HK,GME GROUP,骏杰集团控股,2026-06-17,2026-06-16,872000,1148000,-24.04%
2828.HK,,,2026-06-17,2026-06-16,63062200,50876489,+23.95%
6055.HK,CTIHK,中烟香港,2026-06-17,2026-06-16,993311,1304032,-23.83%
0861.HK,DC HOLDINGS,神州控股,2026-06-17,2026-06-16,666000,874000,-23.80%
1789.HK,AK MEDICAL,爱康医疗,2026-06-17,2026-06-16,7526000,9872000,-23.76%
1896.HK,MAOYAN ENT,猫眼娱乐,2026-06-17,2026-06-16,2774405,2242400,+23.72%
1525.HK,GENCH EDU,建桥教育,2026-06-17,2026-06-16,281000,368000,-23.64%
0317.HK,COMEC,中船防务,2026-06-17,2026-06-16,1540000,1246000,+23.60%
6182.HK,TWINTEK,乙德投资控股,2026-06-17,2026-06-16,600000,784000,-23.47%
2611.HK,GTHT,国泰海通,2026-06-17,2026-06-16,8116220,10599895,-23.43%
1988.HK,MINSHENG BANK,民生银行,2026-06-17,2026-06-16,21087736,17095810,+23.35%
6881.HK,CGS,中国银河,2026-06-17,2026-06-16,11117710,14502499,-23.34%
1776.HK,GF SEC,广发证券,2026-06-17,2026-06-16,10686000,13932930,-23.30%
1653.HK,MOS HOUSE,MOS HOUSE,2026-06-17,2026-06-16,1460000,1900000,-23.16%
0807.HK,SIICENVIRONMENT,上海实业环境,2026-06-17,2026-06-16,680000,553000,+22.97%
0042.HK,NE ELECTRIC,东北电气,2026-06-17,2026-06-16,244000,316000,-22.78%
3813.HK,POU SHENG INT'L,宝胜国际,2026-06-17,2026-06-16,135000,110000,+22.73%
0994.HK,CT VISION,中天宏信,2026-06-17,2026-06-16,368000,300000,+22.67%
9911.HK,NEWBORNTOWN,赤子城科技,2026-06-17,2026-06-16,7719239,9975364,-22.62%
1809.HK,PRINX CHENGSHAN,浦林成山,2026-06-17,2026-06-16,170500,220000,-22.50%
0598.HK,SINOTRANS,中国外运,2026-06-17,2026-06-16,4264922,5502400,-22.49%
3306.HK,JNBY,江南布衣,2026-06-17,2026-06-16,878500,717500,+22.44%
0486.HK,RUSAL,俄铝,2026-06-17,2026-06-16,302000,389000,-22.37%
0669.HK,TECHTRONIC IND,创科实业,2026-06-17,2026-06-16,5183054,4236630,+22.34%
0570.HK,TRAD CHI MED,中国中药,2026-06-17,2026-06-16,11724414,15094000,-22.32%
2198.HK,CHINA SANJIANG,中国三江化工,2026-06-17,2026-06-16,4232000,5445000,-22.28%
1635.HK,DZUG,大众公用,2026-06-17,2026-06-16,9110000,11698000,-22.12%
6078.HK,HYGEIA HEALTH,海吉亚医疗,2026-06-17,2026-06-16,5376000,4405729,+22.02%
1347.HK,HUA HONG GRACE,华虹宏力,2026-06-17,2026-06-16,33896409,27876588,+21.59%
2877.HK,SHINEWAY PHARM,神威药业,2026-06-17,2026-06-16,1724000,1418000,+21.58%
0909.HK,MING YUAN CLOUD,明源云,2026-06-17,2026-06-16,6229768,7930320,-21.44%
2012.HK,SUNSHINE OIL,阳光油砂,2026-06-17,2026-06-16,3479000,2865000,+21.43%
0242.HK,SHUN TAK HOLD,信德集团,2026-06-17,2026-06-16,888000,732000,+21.31%
3988.HK,BANK OF CHINA,中国银行,2026-06-17,2026-06-16,248938182,205237893,+21.29%
2400.HK,XD INC,心动公司,2026-06-17,2026-06-16,3188097,2631483,+21.15%
1663.HK,S HARBOURHOLD,汉港控股,2026-06-17,2026-06-16,276000,228000,+21.05%
0205.HK,BFB HEALTH,BFB HEALTH,2026-06-17,2026-06-16,150000,190000,-21.05%
2660.HK,ZENGAME,禅游科技,2026-06-17,2026-06-16,152000,192000,-20.83%
2038.HK,FIH,富智康集团,2026-06-17,2026-06-16,929200,769150,+20.81%
6978.HK,IMMUNOTECH-B,永泰生物－Ｂ,2026-06-17,2026-06-16,244000,308005,-20.78%
0148.HK,KINGBOARD HLDG,建滔集团,2026-06-17,2026-06-16,56441113,46828940,+20.53%
0683.HK,KERRY PPT,嘉里建设,2026-06-17,2026-06-16,2852771,2370150,+20.36%
1675.HK,ASIAINFO TECH,亚信科技,2026-06-17,2026-06-16,1795200,2253600,-20.34%
2158.HK,YIDU TECH,医渡科技,2026-06-17,2026-06-16,2892600,3630300,-20.32%
6908.HK,HG SEMI,宏光半导体,2026-06-17,2026-06-16,335000,420000,-20.24%
3978.HK,BESTSTUDY EDU,卓越教育集团,2026-06-17,2026-06-16,1244000,1035000,+20.19%
0659.HK,CTF SERVICES,周大福创建,2026-06-17,2026-06-16,1000534,1252056,-20.09%
1193.HK,CHINA RES GAS,华润燃气,2026-06-17,2026-06-16,4864880,6084976,-20.05%
