Ticker,Name,Name_ZH,Date_Today,Date_Prev,Turnover_Pct_Change,Turnover_Today,Turnover_Prev,Close_Today,Price_Pct_Change,Volume_Today,Volume_Prev,Market_Cap
2525.HK,HESAI-W-NEW,禾赛－Ｗ（新）,2026-08-03,2026-07-31,6954.82,84683550,1200365,16.67,-1.13,5079997,71196,20956485354
1872.HK,GUAN CHAO HLDGS,冠轈控股,2026-08-03,2026-07-31,789.97,18916324,2125500,3.995,2.44,4735000,545000,2603545744
6699.HK,ANGELALIGN,时代天使,2026-08-03,2026-07-31,789.63,360808698,40557241,94.25,17.96,3828209,507600,16180522660
1799.HK,XINTE ENERGY,新特能源,2026-08-03,2026-07-31,618.86,23640959,3288688,4.2,8.25,5628800,847600,6005999727
0579.HK,JNCEC,京能清洁能源,2026-08-03,2026-07-31,558.0,69546999,10569442,1.755,-9.07,39627920,5476395,14469111753
0199.HK,ITC PROPERTIES,德祥地产,2026-08-03,2026-07-31,369.15,21197189,4518169,2.37,10.23,8943962,2101474,2580072153
3800.HK,GCL TECH,协鑫科技,2026-08-03,2026-07-31,332.24,410427763,94953212,0.68,11.48,603570233,155661000,21517514324
1071.HK,HUADIAN POWER,华电国际电力股份,2026-08-03,2026-07-31,315.36,50143705,12072320,4.165,0.12,12039305,2902000,48363039033
1072.HK,DONGFANG ELEC,东方电气,2026-08-03,2026-07-31,297.18,530683722,133613895,23.52,9.29,22563083,6208824,81340636450
0340.HK,TONGGUAN GOLD,潼关黄金,2026-08-03,2026-07-31,275.49,45168972,12029400,2.155,5.12,20960080,5868000,11427086084
1866.HK,CHINA XLX FERT,中国心连心化肥,2026-08-03,2026-07-31,272.46,37740895,10132850,9.175,0.05,4113449,1105000,11695189243
6865.HK,FLAT GLASS,福莱特玻璃,2026-08-03,2026-07-31,240.58,127258990,37365472,7.73,11.22,16463000,5376327,17913888745
6675.HK,SENASIC,SENASIC,2026-08-03,2026-07-31,236.67,18205908,5407680,30.66,17.02,593800,206400,11708980970
1828.HK,FWD,富卫集团,2026-08-03,2026-07-31,227.16,35499961,10851000,31.8,6.0,1116351,361700,40576966835
0968.HK,XINYI SOLAR,信义光能,2026-08-03,2026-07-31,221.37,430484925,133953603,2.495,13.41,172539056,60888000,22821872772
6603.HK,IFBH,IFBH,2026-08-03,2026-07-31,218.3,28771704,9039184,5.21,-15.42,5522400,1467400,1379493390
2025.HK,RUIFENG POWER,瑞丰动力,2026-08-03,2026-07-31,214.61,19587399,6226000,11.9,5.12,1646000,550000,9519999694
2335.HK,MICOT PHARMA-B,麦科医药－Ｂ,2026-08-03,2026-07-31,207.61,21485520,6984704,29.4,2.37,730800,243200,
1157.HK,ZOOMLION,中联重科,2026-08-03,2026-07-31,206.15,62142501,20297896,7.62,0.66,8155184,2681360,65901837508
6810.HK,SUNMI TECH-W,商米科技－Ｗ,2026-08-03,2026-07-31,200.58,37076565,12334960,62.45,6.12,593700,209600,25144043967
1816.HK,CGN POWER,中广核电力,2026-08-03,2026-07-31,192.47,202386663,69199593,2.97,2.77,68143657,23944495,149980876411
2442.HK,EASY SMART GP,怡俊集团控股,2026-08-03,2026-07-31,187.48,44853748,15602400,66.45,12.44,675000,264000,27111598754
0868.HK,XINYI GLASS,信义玻璃,2026-08-03,2026-07-31,182.77,207901302,73523968,9.475,1.66,21942089,7888838,41949856842
2768.HK,GON TECHNOLOGY,国恩科技,2026-08-03,2026-07-31,169.27,67217260,24962387,32.08,7.65,2095301,837664,14206628810
1907.HK,CHINA RISUN GP,中国旭阳集团,2026-08-03,2026-07-31,162.74,31137226,11851100,1.825,-1.35,17061493,6406000,7742128352
3388.HK,CREALITY,创想三维,2026-08-03,2026-07-31,158.02,39658827,15370674,22.72,17.72,1745547,796408,10856845982
2473.HK,XXF,喜相逢集团,2026-08-03,2026-07-31,155.93,56005776,21883350,0.49,6.52,114297500,47572500,909562517
0590.HK,LUK FOOK HOLD,六福集团,2026-08-03,2026-07-31,147.68,56023155,22619519,25.44,3.25,2202168,918000,14936024017
2727.HK,SH ELECTRIC,上海电气,2026-08-03,2026-07-31,144.64,152714404,62422921,3.4,5.59,44916000,19386000,52836415044
9973.HK,CHERY AUTO,奇瑞汽车,2026-08-03,2026-07-31,134.71,102274095,43575457,27.5,3.07,3719058,1633263,159736624657
2610.HK,NANSHAN AL INTL,南山铝业国际,2026-08-03,2026-07-31,123.56,36956487,16531175,26.28,-3.31,1406259,608211,16305037482
1703.HK,EASYHOLD GROUP,谊和股份,2026-08-03,2026-07-31,122.62,160727065,72198072,1.94,0.0,82849000,37215500,267720007
2477.HK,WELLCELL HOLD,经纬天地,2026-08-03,2026-07-31,118.78,523591789,239327476,0.216,17.39,2424035999,1300692800,1035936026
2208.HK,GOLDWIND,金风科技,2026-08-03,2026-07-31,116.24,267751919,123823050,10.39,6.56,25770155,12699800,43885165492
1776.HK,GF SEC,广发证券,2026-08-03,2026-07-31,104.13,118425967,58013928,16.75,-1.93,7070207,3396600,131066162309
2589.HK,AUNTEA JENNY,沪上阿姨,2026-08-03,2026-07-31,101.13,87093294,43302328,113.9,10.26,764647,419190,11982624138
0991.HK,DATANG POWER,大唐发电,2026-08-03,2026-07-31,100.7,57534885,28667520,2.59,2.78,22214242,11376000,47932378616
0232.HK,CON AERO TECH,大陆航空科技控股,2026-08-03,2026-07-31,100.67,50940573,25385470,0.445,0.0,114473200,57046000,4140001711
2697.HK,TH MEDICAL-B,真健康医疗－Ｂ,2026-08-03,2026-07-31,99.17,22388900,11241210,602.5,9.45,37160,20420,
0010.HK,HANG LUNG GROUP,恒隆集团,2026-08-03,2026-07-31,95.72,21530404,11000720,13.48,-2.46,1597211,796000,18354613278
1417.HK,RIVERINE CHINA,浦江中国,2026-08-03,2026-07-31,95.38,32693039,16732801,6.12,-2.86,5342000,2656000,2478599953
3317.HK,XUNCE,迅策,2026-08-03,2026-07-31,94.47,764919242,393343366,117.5,13.53,6509951,3800419,38772344500
3306.HK,JNBY,江南布衣,2026-08-03,2026-07-31,90.31,34857920,18316479,20.6,-0.58,1692132,884000,10890087201
2655.HK,GUOXIA TECH,果下科技,2026-08-03,2026-07-31,88.67,45186349,23950350,15.95,1.59,2833000,1525500,8257499522
1780.HK,RONGZUN INT'L H,荣尊国际控股,2026-08-03,2026-07-31,87.93,20668200,10998100,4.44,1.83,4655000,2522500,2752800035
1302.HK,LIFETECH SCI,先健科技,2026-08-03,2026-07-31,87.14,42618503,22773240,1.375,-6.46,30995275,15492000,6051055175
1989.HK,DELTON,广合科技,2026-08-03,2026-07-31,-85.47,56450170,388377828,98.2,-2.19,574849,3868305,46420038462
2533.HK,BLACK SESAME,黑芝麻智能,2026-08-03,2026-07-31,-85.23,28972378,196188388,11.56,-2.12,2506261,16612056,7954714017
1440.HK,STAR SHINE HLDG,应星控股,2026-08-03,2026-07-31,84.22,30723651,16678134,13.06,1.56,2352500,1296900,16452596728
2585.HK,MOKINGRAN,梦金园,2026-08-03,2026-07-31,83.11,20736600,11324556,25.5,0.47,813200,446200,6890739183
6951.HK,CCTC,三环集团,2026-08-03,2026-07-31,-82.28,61968320,349700879,98.5,-2.18,629120,3472700,195804374593
1377.HK,DTECH,鼎泰高科,2026-08-03,2026-07-31,-81.67,16163640,88176524,304.4,0.73,53100,291782,129079275321
1196.HK,REALORD TECH,伟禄科技股份,2026-08-03,2026-07-31,-81.53,174917981,946906021,6.61,-5.84,26462629,134886898,9533668499
2314.HK,LEE & MAN PAPER,理文造纸,2026-08-03,2026-07-31,80.36,40978260,22720661,4.185,4.36,9791699,5666000,17974574754
1392.HK,HQVT,海清智元,2026-08-03,2026-07-31,80.0,25368300,14093770,19.85,21.56,1278000,863060,15009457497
1191.HK,CREALIGHTS,海光芯正,2026-08-03,2026-07-31,79.69,34707719,19315529,80.9,15.24,429020,275150,7406940810
1672.HK,ASCLETIS-B,歌礼制药－Ｂ,2026-08-03,2026-07-31,-78.86,16226721,76774538,9.0,7.78,1802969,9194555,9467863605
9611.HK,LONGCHEER,龙旗科技,2026-08-03,2026-07-31,78.35,22521985,12628140,21.36,-0.19,1054400,590100,11162536474
6880.HK,MOMENTA-W,MOMENTA-W,2026-08-03,2026-07-31,-78.28,18419250,84801720,246.0,-6.46,74875,322440,57942350706
2155.HK,MORIMATSU INTL,森松国际,2026-08-03,2026-07-31,78.18,50045424,28086401,6.5,-0.76,7699296,4288000,8095223500
3308.HK,ZJ INNOLIGHT,中际旭创,2026-08-03,2026-07-31,-77.65,1720025602,7697280556,1006.0,-2.14,1709767,7487627,
0038.HK,FIRST TRACTOR,第一拖拉机股份,2026-08-03,2026-07-31,77.43,31694962,17863328,8.98,1.35,3529506,2016177,10090334055
3698.HK,HUISHANG BANK,徽商银行,2026-08-03,2026-07-31,76.45,25582731,14498320,4.99,-1.77,5126800,2854000,69310104863
3277.HK,GPIXEL,长光辰芯,2026-08-03,2026-07-31,-74.25,15318600,59485770,63.3,-1.86,242000,922260,28174089050
2233.HK,WESTCHINACEMENT,西部水泥,2026-08-03,2026-07-31,74.17,39856766,22883360,1.835,2.51,21720308,12784000,10023747933
9630.HK,CFMEE,芯碁微装,2026-08-03,2026-07-31,-73.1,83373301,309993636,253.8,-8.11,328500,1122352,37182998887
3200.HK,HANS CNC,大族数控,2026-08-03,2026-07-31,-72.27,119784514,431920607,90.05,-4.51,1330200,4580282,44035148569
2688.HK,ENN ENERGY,新奥能源,2026-08-03,2026-07-31,-70.92,218058891,749749832,46.62,-0.68,4677368,15972515,51834663248
7747.HK,,,2026-08-03,2026-07-31,-70.45,923631243,3125857519,66.62,-13.99,13864173,40354474,
0522.HK,ASMPT,ASMPT,2026-08-03,2026-07-31,-70.11,306864661,1026770085,150.3,-0.66,2041681,6786319,63034172939
0552.HK,CHINACOMSERVICE,中国通信服务,2026-08-03,2026-07-31,-70.05,38418388,128253719,4.32,1.17,8893145,30036000,29920400676
1766.HK,CRRC,中国中车,2026-08-03,2026-07-31,-70.04,63825955,213037326,5.285,0.48,12076813,40501391,151673492325
0836.HK,CHINA RES POWER,华润电力,2026-08-03,2026-07-31,69.61,453941932,267646107,19.39,0.26,23411137,13838992,100383146418
6887.HK,SUNSHINE PHARMA,东阳光药,2026-08-03,2026-07-31,-69.38,20032659,65417060,38.44,-8.08,521141,1564253,22086429533
2603.HK,JIHONG CO,吉宏股份,2026-08-03,2026-07-31,69.36,51813451,30592801,13.26,9.23,3907500,2520000,6071976713
2498.HK,ROBOSENSE,速腾聚创,2026-08-03,2026-07-31,-68.98,66980644,215934014,23.36,-1.93,2867322,9065240,10792474084
9903.HK,ILUVATAR COREX,天数智芯,2026-08-03,2026-07-31,-68.91,482486353,1551665195,428.2,0.66,1126778,3647544,115260625241
2556.HK,MARKETINGFORCE,迈富时,2026-08-03,2026-07-31,-68.62,432069134,1377082740,44.38,0.86,9735672,31297335,11882159469
1114.HK,BRILLIANCE CHI,BRILLIANCE CHI,2026-08-03,2026-07-31,-68.31,17644156,55679393,2.07,0.98,8523747,27160680,10443707296
6745.HK,BEFAR GROUP,滨化股份,2026-08-03,2026-07-31,-67.84,27110761,84292262,3.14,-1.26,8634000,26507000,7564141799
0788.HK,CHINA TOWER,中国铁塔,2026-08-03,2026-07-31,-67.54,138658680,427147117,10.0,-0.3,13865868,42586952,174811996020
2255.HK,HAICHANG HLDG,海昌海洋公园,2026-08-03,2026-07-31,-67.2,28029446,85466152,0.365,-5.19,76793000,221990010,4823110856
1882.HK,HAITIAN INT'L,海天国际,2026-08-03,2026-07-31,-67.02,32308472,97961388,20.8,-0.1,1553292,4705158,33196798782
0917.HK,QUNABOX GROUP,趣致集团,2026-08-03,2026-07-31,-66.75,22666335,68177167,8.325,-0.66,2722683,8135700,2205281177
2595.HK,GENFLEET-B,劲方医药－Ｂ,2026-08-03,2026-07-31,-66.59,23666241,70840081,27.1,-2.31,873293,2553716,10405495819
9969.HK,INNOCARE,诺诚健华,2026-08-03,2026-07-31,66.34,105909339,63671522,13.19,-3.3,8029518,4668000,23301730275
3986.HK,GIGADEVICE,兆易创新,2026-08-03,2026-07-31,-65.46,2137763373,6188673132,424.6,-7.49,5034770,13482948,297960945719
2249.HK,NEXCHIP,晶合集成,2026-08-03,2026-07-31,-65.37,27938712,80670022,28.26,-1.12,988631,2822604,62843421286
6082.HK,BIREN TECH,壁仞科技,2026-08-03,2026-07-31,-65.22,261976551,753322714,31.38,0.64,8348520,24160446,81332517554
0440.HK,DAH SING,大新金融,2026-08-03,2026-07-31,64.48,33022887,20076977,50.4,1.08,655216,402667,16106585527
6613.HK,LENS,蓝思科技,2026-08-03,2026-07-31,-64.27,115494991,323206023,20.8,0.78,5552644,15659207,109797806068
6181.HK,LAOPU GOLD,老铺黄金,2026-08-03,2026-07-31,-64.19,306819520,856705115,320.0,-1.48,958811,2637639,56558240000
6881.HK,CGS,中国银河,2026-08-03,2026-07-31,-63.65,54001325,148540993,7.59,-0.26,7114799,19519184,82992114791
2685.HK,QUANTGROUP,量化派,2026-08-03,2026-07-31,-63.49,153284609,419818642,4.02,-2.66,38130500,101651000,2089174698
6651.HK,51WORLD,五一视界,2026-08-03,2026-07-31,-63.41,248038743,677923504,63.45,-3.28,3909200,10334200,26615331909
0918.HK,MAJESTIC DRAGON,龙翼航空科技,2026-08-03,2026-07-31,63.04,15335944,9406200,2.62,1.95,5853414,3660000,2918861069
2696.HK,HENLIUS,复宏汉霖,2026-08-03,2026-07-31,-62.9,54111154,145858710,60.1,8.0,900352,2621001,32766615508
1478.HK,Q TECH,丘钛科技,2026-08-03,2026-07-31,-62.79,25208595,67740481,7.02,2.03,3590968,9846000,8388132866
2343.HK,PACIFIC BASIN,太平洋航运,2026-08-03,2026-07-31,-62.69,42465594,113806159,3.21,-2.13,13229157,34697000,16542121454
1428.HK,BRIGHT SMART,耀才证券金融,2026-08-03,2026-07-31,61.99,131177818,80979752,6.8,6.25,19290855,12653086,11541615218
1044.HK,HENGAN INT'L,恒安国际,2026-08-03,2026-07-31,-61.41,90758032,235191924,24.48,-1.13,3707436,9498866,28167077121
2273.HK,GUSHENGTANG,固生堂,2026-08-03,2026-07-31,-60.41,20649695,52158718,29.32,-0.34,704287,1772900,6212924090
2145.HK,CHICMAX,上美股份,2026-08-03,2026-07-31,-59.72,31385293,77918799,29.06,-2.29,1080017,2620000,11569612311
2638.HK,HKELECTRIC-SS,港灯－ＳＳ,2026-08-03,2026-07-31,59.64,18780124,11763692,6.53,1.08,2875976,1821005,57700387853
2218.HK,ANDRE JUICE,安德利果汁,2026-08-03,2026-07-31,-59.51,25363799,62638895,18.9,-4.93,1342000,3150850,6230810124
0135.HK,KUNLUN ENERGY,昆仑能源,2026-08-03,2026-07-31,-59.43,38247837,94274882,7.165,-1.04,5338149,13021393,61775438188
9698.HK,GDS-SW,万国数据－ＳＷ,2026-08-03,2026-07-31,-59.35,115262460,283576023,32.1,3.22,3590731,9118200,51456968540
0666.HK,REPT BATTERO,瑞浦兰钧,2026-08-03,2026-07-31,-59.25,31949208,78400194,10.94,1.39,2920403,7266005,25565401126
1385.HK,SHANGHAI FUDAN,上海复旦,2026-08-03,2026-07-31,-58.82,54727691,132906115,24.16,0.83,2265219,5547000,41219867347
2701.HK,NSING TECH,国民技术,2026-08-03,2026-07-31,-58.5,22930523,55251112,7.715,0.33,2972200,7184800,5231747593
7618.HK,JD INDUSTRIALS,京东工业,2026-08-03,2026-07-31,58.29,61233836,38683503,13.58,-2.65,4509119,2773011,36848265406
3738.HK,VOBILE GROUP,阜博集团,2026-08-03,2026-07-31,-58.26,40534459,97104401,2.465,-0.6,16444000,39155000,6265851000
3396.HK,LEGENDHOLDING,联想控股,2026-08-03,2026-07-31,58.02,243925297,154365482,14.55,10.56,16764625,11729900,34283160044
6869.HK,YOFC,长飞光纤光缆,2026-08-03,2026-07-31,-57.78,1750950495,4146999217,95.7,-1.09,18296244,42863041,136244144155
6687.HK,JST GROUP,聚水潭,2026-08-03,2026-07-31,-57.6,15223333,35901108,14.6,1.53,1042694,2496600,6185370461
0683.HK,KERRY PPT,嘉里建设,2026-08-03,2026-07-31,57.41,77209958,49051561,19.8,1.12,3899493,2505187,28643199200
0002.HK,CLP HOLDINGS,中电控股,2026-08-03,2026-07-31,-56.94,186989033,434205923,77.55,-0.7,2411206,5559615,195926249413
1876.HK,BUD APAC,百威亚太,2026-08-03,2026-07-31,-56.87,166511359,386074587,6.565,-0.23,25363497,58673950,86853434268
1357.HK,MEITU,美图公司,2026-08-03,2026-07-31,-56.86,430338671,997640396,4.77,1.06,90217751,211364500,21575553154
0956.HK,CHINA SUNTIEN,新天绿色能源,2026-08-03,2026-07-31,-56.78,15859663,36693370,3.35,1.82,4734228,11153000,15117521364
6809.HK,MONTAGE TECH,澜起科技,2026-08-03,2026-07-31,-56.52,936865368,2154571640,248.8,-7.51,3765536,8009560,303669863349
2013.HK,WEIMOB INC,微盟集团,2026-08-03,2026-07-31,-56.15,31964386,72902403,1.23,2.5,25987305,60752000,5082677674
3323.HK,CNBM,中国建材,2026-08-03,2026-07-31,-56.02,103611336,235570755,3.735,0.13,27740653,63155698,28359933975
0576.HK,ZHEJIANGEXPRESS,浙江沪杭甬,2026-08-03,2026-07-31,-56.0,99573663,226287740,6.48,-6.76,15366306,32559388,39126982995
2475.HK,LUXSHARE ICT,立讯精密,2026-08-03,2026-07-31,-55.75,186809432,422182389,54.5,-2.15,3427696,7579576,421027638192
2476.HK,VGT,胜宏科技,2026-08-03,2026-07-31,-55.26,577323920,1290353156,184.0,-0.22,3137630,6997577,180832405592
6693.HK,CHIFENG GOLD,赤峰黄金,2026-08-03,2026-07-31,-55.01,152264528,338459124,33.4,0.06,4558818,10139578,63473736244
6969.HK,SMOORE INTL,思摩尔国际,2026-08-03,2026-07-31,-54.68,63612397,140364047,8.94,-2.83,7115481,15256962,55384850376
2601.HK,CPIC,中国太保,2026-08-03,2026-07-31,-54.56,206895978,455280183,30.66,0.33,6748075,14897912,294959667542
9678.HK,UNISOUND,云知声,2026-08-03,2026-07-31,-54.54,115092485,253172465,70.8,-6.16,1625600,3355500,5095305804
2609.HK,BAYZED HEALTH,佰泽医疗,2026-08-03,2026-07-31,54.51,19302144,12492144,3.065,0.16,6297600,4082400,4041100887
1988.HK,MINSHENG BANK,民生银行,2026-08-03,2026-07-31,54.46,76044770,49231728,3.595,-0.96,21152926,13562459,157397795767
0142.HK,FIRST PACIFIC,第一太平,2026-08-03,2026-07-31,54.22,22955342,14884800,5.46,-2.5,4204275,2658000,23271175520
0622.HK,OSHIDORI,威华达控股,2026-08-03,2026-07-31,-54.02,56478512,122833126,2.67,-1.84,21153000,45159237,18539101010
2661.HK,QINGSONG HEALTH,轻松健康,2026-08-03,2026-07-31,-53.94,32211324,69929861,6.06,2.19,5315400,11792557,1224081555
6682.HK,PHANCY,范式智能,2026-08-03,2026-07-31,-53.73,111444763,240845866,29.34,0.2,3798390,8225610,15210546537
0772.HK,CHINA LIT,阅文集团,2026-08-03,2026-07-31,-53.54,66842974,143865497,20.2,-0.1,3309058,7115010,20420120716
0753.HK,AIR CHINA,中国国航,2026-08-03,2026-07-31,-53.47,65162820,140055145,4.31,0.94,15118984,32799800,88322936866
6658.HK,LIULIUMEI,溜溜梅,2026-08-03,2026-07-31,53.43,23360640,15225750,158.7,4.75,147200,100500,12507338469
2600.HK,CHALCO,中国铝业,2026-08-03,2026-07-31,53.23,349548994,228120255,8.26,-2.36,42318279,26964569,141700067087
0168.HK,TSINGTAO BREW,青岛啤酒股份,2026-08-03,2026-07-31,-53.21,143460910,306588753,45.84,-1.63,3129601,6579158,62534704554
2465.HK,LOPAL TECH,龙蟠科技,2026-08-03,2026-07-31,-53.11,21333062,45496059,9.865,0.46,2162500,4633000,7804318771
1378.HK,CHINAHONGQIAO,中国宏桥,2026-08-03,2026-07-31,52.92,1543024282,1009029205,22.96,-6.44,67204893,41117733,225453365439
1860.HK,MOBVISTA,汇量科技,2026-08-03,2026-07-31,-52.57,143957719,303527430,11.07,-0.72,13004311,27222192,18218764049
0941.HK,CHINA MOBILE,中国移动,2026-08-03,2026-07-31,-52.39,966301701,2029832032,83.6,-0.06,11558633,24265774,1809489079736
2676.HK,NOVOSENSE,纳芯微,2026-08-03,2026-07-31,-52.38,37380000,78498356,124.6,-5.18,300000,597400,20372753526
2899.HK,ZIJIN MINING,紫金矿业,2026-08-03,2026-07-31,-52.28,1091174950,2286704964,32.92,-0.96,33146264,68793768,875366276667
6963.HK,SUNSHINE INS,阳光保险,2026-08-03,2026-07-31,-52.21,16629892,34795271,3.705,0.95,4488500,9481000,42613139985
0568.HK,SHANDONG MOLONG,山东墨龙,2026-08-03,2026-07-31,-52.11,164141200,342761325,4.865,-3.47,33739200,68008200,4518755475
1038.HK,CKI HOLDINGS,长江基建集团,2026-08-03,2026-07-31,-51.99,70747957,147353135,62.15,-0.72,1138342,2353884,156593824076
2432.HK,DOBOT,越疆,2026-08-03,2026-07-31,-51.68,45137676,93411374,25.24,2.69,1788339,3800300,11104474195
2513.HK,Z.AI,智谱,2026-08-03,2026-07-31,-51.62,5784206340,11955641762,940.0,-4.81,6153411,12106979,437685704600
1128.HK,WYNN MACAU,永利澳门,2026-08-03,2026-07-31,-51.54,23883322,49284251,5.67,-0.18,4212226,8676805,29698255326
1729.HK,TIME INTERCON,汇聚科技,2026-08-03,2026-07-31,-51.49,120172751,247721303,13.46,2.05,8928139,18780994,30060465803
2157.HK,LEPU BIO,乐普生物,2026-08-03,2026-07-31,51.28,23191940,15330961,4.14,-3.27,5601918,3582000,7470380688
0960.HK,LONGFOR GROUP,龙湖集团,2026-08-03,2026-07-31,-51.25,38299721,78560351,6.855,-0.07,5587122,11451946,47041929572
1057.HK,ZHEJIANG SHIBAO,浙江世宝,2026-08-03,2026-07-31,-51.2,35766690,73294501,3.94,0.25,9077840,18650000,3241171640
0316.HK,OOIL,东方海外国际,2026-08-03,2026-07-31,51.01,128678744,85211636,149.6,-2.29,860152,556575,98791849261
1179.HK,HWORLD-S,华住集团－Ｓ,2026-08-03,2026-07-31,-51.0,54579611,111398140,33.52,0.72,1628270,3347300,103081985536
1833.HK,PA GOODDOCTOR,平安好医生,2026-08-03,2026-07-31,-50.92,69867722,142367897,7.8,-0.26,8957400,18205613,16587682909
2565.HK,PEGBIO CO-B,派格生物医药－Ｂ,2026-08-03,2026-07-31,-50.91,18463984,37610049,5.39,0.56,3425600,7016800,2107983305
1364.HK,GUMING,古茗,2026-08-03,2026-07-31,-50.72,75007872,152215788,23.12,-1.11,3244285,6510513,54075311238
0179.HK,JOHNSON ELEC H,德昌电机控股,2026-08-03,2026-07-31,-50.72,147484808,299299002,19.29,3.77,7645661,16100000,17876488174
1997.HK,WHARF REIC,九龙仓置业,2026-08-03,2026-07-31,-50.65,100922473,204500512,26.56,-0.08,3799792,7693774,80642196183
9927.HK,SERES,赛力斯,2026-08-03,2026-07-31,-50.46,94759530,191266917,46.04,-3.68,2058200,4001400,80200994954
0303.HK,VTECH HOLDINGS,VTECH HOLDINGS,2026-08-03,2026-07-31,-50.36,29408978,59242552,52.5,1.65,560171,1147000,13297954215
0148.HK,KINGBOARD HLDG,建滔集团,2026-08-03,2026-07-31,-50.35,1353666475,2726662873,41.24,5.2,32824113,69557725,46262280675
1787.HK,SD GOLD,山东黄金,2026-08-03,2026-07-31,-50.35,187563485,377736728,19.93,-1.14,9411113,18736941,91875896840
0016.HK,SHK PPT,新鸿基地产,2026-08-03,2026-07-31,-49.81,367144025,731501091,122.2,-0.81,3004452,5937509,354108740639
1347.HK,HUA HONG GRACE,华虹宏力,2026-08-03,2026-07-31,-49.35,3465544255,6841883387,126.8,-1.17,27330790,53327227,220329484975
0596.HK,INSPUR DIGI ENT,浪潮数字企业,2026-08-03,2026-07-31,49.15,30268161,20293980,2.21,-3.49,13696000,8862000,2690091232
1888.HK,KB LAMINATES,建滔积层板,2026-08-03,2026-07-31,-49.08,3078968820,6046429866,30.0,1.97,102632294,205521069,94543500000
6099.HK,CMSC,招商证券,2026-08-03,2026-07-31,-49.07,37117628,72875889,14.57,0.0,2547538,5001777,126708392909
0291.HK,CHINA RES BEER,华润啤酒,2026-08-03,2026-07-31,-48.58,189065404,367707842,23.44,-0.93,8065930,15541329,76039361732
3998.HK,BOSIDENG,波司登,2026-08-03,2026-07-31,-48.56,88728644,172505291,4.935,-0.1,17979462,34920099,57347393213
1318.HK,MAO GEPING,毛戈平,2026-08-03,2026-07-31,48.55,315728951,212540286,55.8,-5.02,5658225,3617707,27352428646
9618.HK,JD-SW,京东集团－ＳＷ,2026-08-03,2026-07-31,-48.52,992266584,1927596543,129.3,1.73,7674142,15165984,353201249760
1368.HK,XTEP INT'L,特步国际,2026-08-03,2026-07-31,48.39,17735562,11952360,3.715,-1.72,4774041,3162000,10153295319
0826.HK,TIANGONG INT'L,天工国际,2026-08-03,2026-07-31,-48.25,39162376,75681481,2.935,-0.17,13343229,25742000,7997874844
2631.HK,SICC,天岳先进,2026-08-03,2026-07-31,-48.07,88612073,170625482,55.8,0.54,1588030,3074333,27041714385
6655.HK,HX BLDG MAT,华新建材,2026-08-03,2026-07-31,47.81,115162995,77912969,14.11,-4.92,8161800,5250200,29334627893
3320.HK,CHINARES PHARMA,华润医药,2026-08-03,2026-07-31,-47.63,20748883,39622550,4.865,0.31,4264930,8169598,30564411954
1113.HK,CK ASSET,长实集团,2026-08-03,2026-07-31,-47.37,147702241,280617098,47.7,-0.29,3096483,5865742,166939429154
6060.HK,ZA ONLINE,众安在线,2026-08-03,2026-07-31,-47.3,66249194,125711917,11.18,0.81,5925688,11335610,18836208736
0586.HK,CONCH VENTURE,海螺创业,2026-08-03,2026-07-31,47.21,43528011,29568447,8.95,1.36,4863465,3348635,16038767136
2259.HK,ZIJIN GOLD INTL,紫金黄金国际,2026-08-03,2026-07-31,-47.16,521440920,986890071,117.0,-1.02,4456760,8349324,313131698100
1688.HK,LINGYI ITECH,领益智造,2026-08-03,2026-07-31,-47.01,62422511,117789533,6.36,-1.24,9814860,18290300,51644533039
0270.HK,GUANGDONG INV,粤海投资,2026-08-03,2026-07-31,-46.74,60519754,113641358,8.4,-0.83,7204733,13416925,54917697602
1530.HK,3SBIO,三生制药,2026-08-03,2026-07-31,-46.6,254445321,476469051,16.51,-1.26,15411588,28496954,41146399821
1585.HK,YADEA,雅迪控股,2026-08-03,2026-07-31,46.58,98537744,67225014,10.57,-1.49,9322398,6265146,32092072387
0083.HK,SINO LAND,信和置业,2026-08-03,2026-07-31,-46.54,40572537,75891632,10.65,-0.47,3809628,7092676,102092400623
1070.HK,TCL ELECTRONICS,ＴＣＬ电子,2026-08-03,2026-07-31,-46.31,59688736,111163091,16.12,-0.31,3702775,6874650,40635586679
9888.HK,BIDU-SW,百度集团－ＳＷ,2026-08-03,2026-07-31,-46.3,824790500,1535879265,109.9,3.78,7504918,14503109,298212802415
2158.HK,YIDU TECH,医渡科技,2026-08-03,2026-07-31,-46.26,23235030,43232202,4.5,-1.53,5163340,9460000,4588850542
2228.HK,XTALPI,晶泰控股,2026-08-03,2026-07-31,-46.14,227305350,422025410,6.87,0.44,33086660,61699620,29564163505
0189.HK,DONGYUE GROUP,东岳集团,2026-08-03,2026-07-31,-46.13,142915384,265284472,12.16,2.53,11752910,22368000,21069773241
1066.HK,WEIGAO GROUP,威高股份,2026-08-03,2026-07-31,-46.06,26676360,49459101,3.405,1.34,7834467,14719971,15136525324
0300.HK,MIDEA GROUP,美的集团,2026-08-03,2026-07-31,-46.04,342516782,634760453,97.75,-1.61,3504008,6389134,745463278406
6600.HK,ONEROBOTICS,卧安机器人,2026-08-03,2026-07-31,-45.72,15778009,29068505,57.85,0.52,272740,505100,13036850041
3931.HK,CALB,中创新航,2026-08-03,2026-07-31,45.66,66125253,45396247,17.8,5.26,3714902,2684580,31546971720
0220.HK,U-PRESID CHINA,统一企业中国,2026-08-03,2026-07-31,-45.59,43252031,79497198,7.475,-0.86,5786225,10543395,32287021238
6823.HK,HKT-SS,香港电讯－ＳＳ,2026-08-03,2026-07-31,-45.36,134858257,246808354,13.46,1.43,10019187,18598971,102036268456
1099.HK,SINOPHARM,国药控股,2026-08-03,2026-07-31,-45.23,56501395,103153302,17.46,0.46,3236048,5935173,54486654237
2282.HK,MGM CHINA,美高梅中国,2026-08-03,2026-07-31,45.14,57692194,39749366,11.25,-0.97,5128195,3499064,42701794785
0006.HK,POWER ASSETS,电能实业,2026-08-03,2026-07-31,-45.1,113511929,206776622,58.8,-0.42,1930475,3501721,125308981429
2723.HK,DEEPZERO,深演智能,2026-08-03,2026-07-31,-45.06,55193492,100455408,629.0,3.8,87748,165768,57037201075
0981.HK,SMIC,中芯国际,2026-08-03,2026-07-31,-44.8,5153804983,9336262988,62.2,-1.66,82858600,147608901,532482139420
0175.HK,GEELY AUTO,吉利汽车,2026-08-03,2026-07-31,-44.61,654452647,1181472350,19.58,-1.11,33424548,59670323,211172817106
1913.HK,PRADA,普拉达,2026-08-03,2026-07-31,-44.57,140645522,253725298,43.58,0.74,3227295,5865125,111513554605
0384.HK,CHINA GAS HOLD,中国燃气,2026-08-03,2026-07-31,-44.55,71299187,128573717,6.085,-0.41,11717204,21043161,33152009636
2050.HK,SANHUA,三花智控,2026-08-03,2026-07-31,-44.36,221138215,397425704,26.54,1.38,8332261,15180508,111680693687
0354.HK,CHINASOFT INT'L,中国软件国际,2026-08-03,2026-07-31,-44.05,246803686,441150367,3.785,-3.69,65205728,112252000,9502389921
3899.HK,CIMC ENRIC,中集安瑞科,2026-08-03,2026-07-31,-43.89,17090944,30458856,7.805,0.32,2189743,3915020,16476303928
1651.HK,TSUGAMI CHI-500,津上机床（五百）,2026-08-03,2026-07-31,-43.84,52688745,93815332,53.25,2.4,989460,1804141,19628695500
3988.HK,BANK OF CHINA,中国银行,2026-08-03,2026-07-31,-43.77,763605669,1357897096,5.485,-0.45,139217074,246442294,1767335121819
2186.HK,LUYE PHARMA,绿叶制药,2026-08-03,2026-07-31,-43.74,21130514,37558044,2.055,1.23,10282488,18501500,8208730550
2252.HK,MEDBOT-B,微创机器人－Ｂ,2026-08-03,2026-07-31,-43.71,72843883,129398380,21.26,2.11,3426335,6215100,21926083073
2099.HK,CHINAGOLDINTL,中国黄金国际,2026-08-03,2026-07-31,-43.43,303538950,536559888,178.0,1.19,1705275,3050369,70561648034
0285.HK,BYD ELECTRONIC,比亚迪电子,2026-08-03,2026-07-31,-43.35,264898887,467592991,24.24,3.24,10928172,19914523,54445669525
0293.HK,CATHAY PAC AIR,国泰航空,2026-08-03,2026-07-31,-43.32,88405699,155982506,14.55,-0.34,6075993,10683733,88480414112
2698.HK,SOFTCARE,乐舒适,2026-08-03,2026-07-31,-42.96,32909864,57700082,34.44,1.18,955571,1695067,21379466039
9866.HK,NIO-SW,蔚来－ＳＷ,2026-08-03,2026-07-31,-42.82,131104036,229281555,38.44,-0.98,3410615,5906274,96837090805
0656.HK,FOSUN INTL,复星国际,2026-08-03,2026-07-31,-42.67,48088639,83873579,4.74,-0.42,10145283,17620499,38521133443
2232.HK,CRYSTAL INTL,晶苑国际,2026-08-03,2026-07-31,-42.66,28024354,48872763,6.615,2.08,4236486,7542093,18871416877
2057.HK,ZTO EXPRESS-W,中通快递－Ｗ,2026-08-03,2026-07-31,-42.62,215885022,376231831,192.3,2.94,1122647,2014089,146247361807
9980.HK,EASTROC,东鹏饮料,2026-08-03,2026-07-31,-42.58,138118147,240549000,119.3,-4.56,1157738,1924392,87589979923
2722.HK,CHONGQING M&E,重庆机电,2026-08-03,2026-07-31,42.4,21526967,15117402,1.945,5.71,11067849,8215979,7166625292
2888.HK,STANCHART,渣打集团,2026-08-03,2026-07-31,-42.23,202508758,350522023,236.8,-0.34,855189,1475261,518397478559
9988.HK,BABA-W,阿里巴巴－Ｗ,2026-08-03,2026-07-31,42.22,24072129420,16926250419,125.2,7.01,192269409,144668807,2400707168803
1164.HK,CGN MINING,中广核矿业,2026-08-03,2026-07-31,-42.15,74958595,129578904,2.485,2.69,30164426,53545000,18887695575
3393.HK,WASION HOLDINGS,威胜控股,2026-08-03,2026-07-31,42.12,70688605,49737002,18.91,6.84,3738160,2810000,19647294595
0005.HK,HSBC HOLDINGS,汇丰控股,2026-08-03,2026-07-31,-42.11,2088697807,3608188994,168.2,0.0,12417942,21451778,2884328786408
1783.HK,ENVISION GREEN,晋景新能,2026-08-03,2026-07-31,-42.1,37775643,65241603,4.655,-3.02,8115068,13592000,13449888919
0119.HK,POLY PROPERTY,保利置业集团,2026-08-03,2026-07-31,42.0,22510358,15852080,1.52,0.0,14809446,10429000,5808198266
1815.HK,EVEREST GOLD,珠峰黄金,2026-08-03,2026-07-31,-41.75,27892375,47882499,1.79,0.0,15582333,26750000,2479821268
3750.HK,CATL,宁德时代,2026-08-03,2026-07-31,-41.73,633313125,1086903052,625.0,0.4,1013301,1746029,2891659324375
2171.HK,CARSGEN-B,科济药业－Ｂ,2026-08-03,2026-07-31,-41.62,23048585,39479040,12.81,-4.47,1799265,2944000,7299548133
2650.HK,ZHIDA TECH,挚达科技,2026-08-03,2026-07-31,-41.52,91135917,155831000,12.9,-0.77,7064800,11987000,4103098815
2026.HK,PONY-W,小马智行－Ｗ,2026-08-03,2026-07-31,-41.42,35291086,60244099,61.25,-1.69,576181,967000,26607833918
3759.HK,PHARMARON,康龙化成,2026-08-03,2026-07-31,-40.96,42651122,72237866,22.7,-0.87,1878904,3154492,41706339757
3908.HK,CICC,中金公司,2026-08-03,2026-07-31,-40.71,255682528,431270122,21.3,-1.39,12003875,19966209,102820567605
6656.HK,SIGENERGY,思格新能,2026-08-03,2026-07-31,-39.94,52447208,87318591,308.8,5.97,169842,299652,76839605746
6166.HK,CIG,剑桥科技,2026-08-03,2026-07-31,-39.65,634087265,1050646397,71.95,7.63,8812888,15716476,26495613213
6055.HK,CTIHK,中烟香港,2026-08-03,2026-07-31,-39.62,126871878,210133749,23.1,-4.39,5492289,8697589,15977808263
0998.HK,CITIC BANK,中信银行,2026-08-03,2026-07-31,-39.57,98377557,162798941,7.725,-0.06,12734959,21060665,429858873182
2367.HK,GIANT BIOGENE,巨子生物,2026-08-03,2026-07-31,-39.56,70699503,116965326,30.3,-1.56,2333317,3800043,32169630389
0177.HK,JIANGSU EXPRESS,江苏宁沪高速公路,2026-08-03,2026-07-31,-39.47,56532923,93389763,9.94,2.26,5687417,9608000,50075208036
0916.HK,CHINA LONGYUAN,龙源电力,2026-08-03,2026-07-31,39.46,105155466,75404350,5.735,-0.61,18335739,13068345,47943546816
3900.HK,GREENTOWN CHINA,绿城中国,2026-08-03,2026-07-31,39.42,70508559,50571123,7.01,-1.68,10058282,7092724,17802587398
1060.HK,DAMAI ENT,大麦娱乐,2026-08-03,2026-07-31,-38.94,55391300,90717320,0.515,-0.96,107555926,174456391,15246985024
2431.HK,MINIEYE,佑驾创新,2026-08-03,2026-07-31,-38.85,24862922,40660397,4.12,-4.85,6034690,9390392,1791724535
2611.HK,GTHT,国泰海通,2026-08-03,2026-07-31,38.74,124863212,89997669,14.72,-1.41,8482555,6027975,259496590109
2315.HK,BIOCYTOGEN-B,百奥赛图－Ｂ,2026-08-03,2026-07-31,-38.37,61983208,100575828,52.45,4.59,1181758,2005500,23260319790
2356.HK,DAHSING BANKING,大新银行集团,2026-08-03,2026-07-31,-38.14,23302921,37670448,15.07,0.0,1546312,2499698,21184684200
0358.HK,JIANGXI COPPER,江西铜业股份,2026-08-03,2026-07-31,-38.13,245561218,396904176,34.8,-1.08,7056357,11282097,120502980652
0136.HK,CHINA RUYI,中国儒意,2026-08-03,2026-07-31,-37.92,67974813,109488044,1.46,1.39,46558090,76033361,22695971950
1117.HK,CH MODERN D,现代牧业,2026-08-03,2026-07-31,37.91,84489212,61263121,1.54,4.05,54863126,41394000,12035938154
0371.HK,BJ ENT WATER,北控水务集团,2026-08-03,2026-07-31,-37.75,35912819,57692043,2.29,-0.87,15682454,24974911,22964372380
2692.HK,ZHAOWEI,兆威机电,2026-08-03,2026-07-31,-37.72,24162950,38798697,44.54,1.5,542500,884200,11917311939
0966.HK,CHINA TAIPING,中国太平,2026-08-03,2026-07-31,-37.6,132626578,212554330,21.68,-1.54,6117462,9652785,77918323000
6862.HK,HAIDILAO,海底捞,2026-08-03,2026-07-31,-37.55,100175078,160414712,11.69,-1.68,8569297,13491565,63306939522
0992.HK,LENOVO GROUP,联想集团,2026-08-03,2026-07-31,-37.52,1900693134,3042026435,24.74,3.69,76826724,127494818,306891268292
9961.HK,TRIP.COM-S,携程集团－Ｓ,2026-08-03,2026-07-31,-37.39,640717751,1023418937,363.6,-0.76,1762150,2793174,228960822562
3993.HK,CMOC,洛阳钼业,2026-08-03,2026-07-31,-37.1,293235584,466165605,16.75,-0.83,17506602,27600096,358354695448
1286.HK,IMPRO PRECISION,鹰普精密,2026-08-03,2026-07-31,-36.99,25312291,40174478,7.715,6.12,3280919,5526063,14560409193
3328.HK,BANKCOMM,交通银行,2026-08-03,2026-07-31,-36.98,205621021,326257150,7.59,0.4,27091043,43155708,670681135735
1304.HK,FORTIOR,FORTIOR,2026-08-03,2026-07-31,36.86,17521722,12802790,103.5,3.4,169292,127900,11914307280
2507.HK,CIRRUS,西锐,2026-08-03,2026-07-31,-36.79,17179213,27177164,43.68,-0.32,393297,620200,15986391681
9899.HK,NETEASE MUSIC,网易云音乐,2026-08-03,2026-07-31,-36.76,98803214,156243362,124.3,-2.43,794877,1226400,25446224533
0151.HK,WANT WANT CHINA,中国旺旺,2026-08-03,2026-07-31,-36.75,42064055,66500566,3.42,1.18,12299431,19674723,40285693000
9911.HK,NEWBORNTOWN,赤子城科技,2026-08-03,2026-07-31,-36.67,48649092,76815865,8.385,2.88,5801919,9425260,11741837729
1908.HK,C&D INTL GROUP,建发国际集团,2026-08-03,2026-07-31,-36.63,26318039,41532814,15.17,-1.3,1734874,2702200,33545916408
0999.HK,XIAOCAIYUAN,小菜园,2026-08-03,2026-07-31,36.57,35318720,25861248,7.85,3.84,4499200,3420800,9145460268
2333.HK,GWMOTOR,长城汽车,2026-08-03,2026-07-31,-36.5,123518520,194517288,8.96,-1.32,13785549,21422609,76572367275
0288.HK,WH GROUP,万洲国际,2026-08-03,2026-07-31,-36.43,401252595,631180814,8.415,-0.41,47683018,74695956,107966297023
1698.HK,TME-SW,腾讯音乐－ＳＷ,2026-08-03,2026-07-31,36.4,144744126,106113700,37.32,-3.06,3878460,2756200,122206119724
1276.HK,HENGRUI PHARMA,恒瑞医药,2026-08-03,2026-07-31,-36.11,135274635,211715374,56.7,-0.7,2385796,3707800,376329237919
2590.HK,GEEKPLUS-W,极智嘉－Ｗ,2026-08-03,2026-07-31,-36.1,72965087,114190149,10.08,4.78,7238600,11870078,13294380839
2380.HK,CHINA POWER,中国电力,2026-08-03,2026-07-31,-35.76,53079601,82633387,2.85,0.35,18624422,29096264,35254929121
6088.HK,FIT HON TENG,FIT HON TENG,2026-08-03,2026-07-31,-35.76,114539105,178308593,4.9,4.26,23375327,37938000,34843280078
1415.HK,COWELL,高伟电子,2026-08-03,2026-07-31,35.56,114693448,84607168,21.4,3.88,5359507,4107144,18618808588
1211.HK,BYD COMPANY,比亚迪股份,2026-08-03,2026-07-31,-35.38,1682585663,2603857446,94.9,0.8,17730091,27656478,865222062830
1772.HK,GANFENGLITHIUM,赣锋锂业,2026-08-03,2026-07-31,-35.07,328243623,505553103,37.78,2.61,8688291,13730394,79213112023
2689.HK,ND PAPER,玖龙纸业,2026-08-03,2026-07-31,-34.86,57712123,88591702,7.63,1.06,7563843,11734000,35801645324
0598.HK,SINOTRANS,中国外运,2026-08-03,2026-07-31,-34.8,17565695,26941759,4.685,-0.74,3749348,5708000,43035326171
1818.HK,ZHAOJIN MINING,招金矿业,2026-08-03,2026-07-31,-34.44,201190791,306873170,21.14,-0.28,9517067,14475149,74886190170
3808.HK,SINOTRUK,中国重汽,2026-08-03,2026-07-31,-34.42,149978648,228703263,41.44,1.97,3619176,5627541,114415560176
2883.HK,CHINA OILFIELD,中海油田服务,2026-08-03,2026-07-31,34.35,47833219,35604116,7.025,-0.78,6808999,5028830,33520434255
0780.HK,TONGCHENGTRAVEL,同程旅行,2026-08-03,2026-07-31,-34.25,88715028,134926462,14.25,-0.21,6225616,9448632,33547521883
2666.HK,UNI MEDICAL,环球医疗,2026-08-03,2026-07-31,-34.24,66161764,100618282,4.65,-4.71,14228336,20618500,9366053088
1171.HK,YANKUANG ENERGY,兖矿能源,2026-08-03,2026-07-31,-34.23,234495353,356532024,11.6,-2.19,20215116,30061723,116427487260
0008.HK,PCCW,电讯盈科,2026-08-03,2026-07-31,-34.14,67126375,101927391,5.875,-0.09,11425766,17334590,45518104793
2142.HK,HBM HOLDINGS-B,和铂医药－Ｂ,2026-08-03,2026-07-31,-34.01,19852554,30084601,12.09,-0.74,1642064,2470000,10098285814
9863.HK,LEAPMOTOR,零跑汽车,2026-08-03,2026-07-31,33.7,457880233,342480729,40.56,1.5,11288960,8570589,57668723117
6680.HK,JLMAG,金力永磁,2026-08-03,2026-07-31,33.58,73380766,54933439,16.98,3.41,4321600,3345520,43816218635
1789.HK,AK MEDICAL,爱康医疗,2026-08-03,2026-07-31,33.46,18883803,14149681,5.66,2.72,3336361,2568000,6064252550
1880.HK,CTG DUTY-FREE,中国中免,2026-08-03,2026-07-31,-33.35,64223957,96356717,52.4,-2.24,1225648,1797700,108876547316
0914.HK,CONCH CEMENT,海螺水泥,2026-08-03,2026-07-31,-33.34,96947375,145437531,18.23,-1.41,5318013,7865740,96200802186
6069.HK,SY HOLDINGS,盛业,2026-08-03,2026-07-31,33.26,57309446,43007251,7.085,-0.91,8088842,6015000,7544141991
2269.HK,WUXI BIO,药明生物,2026-08-03,2026-07-31,-33.18,651157418,974470225,38.8,0.15,16782408,25154109,159322443206
2648.HK,ANJOY FOOD,安井食品,2026-08-03,2026-07-31,33.14,42650564,32035199,72.65,-3.39,587069,426000,24213441418
2706.HK,HAIZHI TECH GP,海致科技集团,2026-08-03,2026-07-31,-32.63,568029774,843201732,38.96,-0.51,14579820,21532220,15600778926
9626.HK,BILIBILI-W,哔哩哔哩－Ｗ,2026-08-03,2026-07-31,-32.27,409653874,604875207,149.8,1.42,2734672,4095296,62692164874
0939.HK,CCB,建设银行,2026-08-03,2026-07-31,-32.05,1813635164,2669140744,9.2,-0.11,197134261,289808983,2406723459526
0012.HK,HENDERSON LAND,恒基地产,2026-08-03,2026-07-31,-31.72,153943919,225448853,28.14,-0.92,5470644,7938340,136236627309
1810.HK,XIAOMI-W,小米集团－Ｗ,2026-08-03,2026-07-31,-31.69,8143955095,11921314222,27.96,-2.85,291271651,414222166,718392600970
2617.HK,TRANSTHERA-B,药捷安康－Ｂ,2026-08-03,2026-07-31,-31.61,31021160,45357074,10.0,0.5,3102116,4558500,4072006330
2319.HK,MENGNIU DAIRY,蒙牛乳业,2026-08-03,2026-07-31,-31.49,422463977,616675651,18.63,-1.43,22676543,32628342,72020868866
0101.HK,HANG LUNG PPT,恒隆地产,2026-08-03,2026-07-31,-31.47,112679834,164424491,7.62,4.53,14787380,22554800,39647488267
1928.HK,SANDS CHINA LTD,金沙中国有限公司,2026-08-03,2026-07-31,-31.3,190728954,277617056,14.49,-1.56,13162799,18859854,117273068058
1879.HK,XIZHI TECH-P,曦智科技－Ｐ,2026-08-03,2026-07-31,-31.09,28827981,41831654,273.0,5.57,105597,161762,25672203921
9660.HK,HORIZONROBOT-W,地平线机器人－Ｗ,2026-08-03,2026-07-31,-30.93,635200992,919673808,5.135,-0.68,123700285,177886614,74825801890
0023.HK,BANK OF E ASIA,东亚银行,2026-08-03,2026-07-31,30.84,73953586,56523534,17.21,3.18,4297129,3388701,45500207913
2097.HK,MIXUE GROUP,蜜雪集团,2026-08-03,2026-07-31,-30.78,66695087,96355761,223.8,-1.24,298012,425224,84958688598
6666.HK,EVERG SERVICES,恒大物业,2026-08-03,2026-07-31,-30.57,23543224,33909841,1.025,-5.09,22969000,31398000,11081081017
9633.HK,NONGFU SPRING,农夫山泉,2026-08-03,2026-07-31,-30.55,263253913,379082516,43.6,-0.41,6037934,8658806,490345917879
9896.HK,MNSO,名创优品,2026-08-03,2026-07-31,-29.53,40723014,57788020,25.46,-0.7,1599490,2253823,30399299730
2652.HK,CF PHARMT-100,长风药业（一百）,2026-08-03,2026-07-31,-29.43,63789243,90388634,17.04,-14.24,3743500,4549000,6256980967
0697.HK,SHOUCHENG,首程控股,2026-08-03,2026-07-31,-29.42,51900758,73533680,1.8,2.27,28833755,41780500,14370481709
3896.HK,KINGSOFT CLOUD,金山云,2026-08-03,2026-07-31,-29.2,1147401947,1620610475,6.06,4.3,189340257,278934680,27212702273
3939.HK,WANGUO GOLD GP,万国黄金集团,2026-08-03,2026-07-31,-29.08,159586861,225036930,10.46,-0.66,15256870,21371029,46058997235
1359.HK,CHINA CINDA,中国信达,2026-08-03,2026-07-31,-29.07,18207505,25670700,0.995,0.51,18299000,25930000,37973712653
2668.HK,PAK TAK INT'L,百德国际,2026-08-03,2026-07-31,28.95,17912400,13891500,0.44,-2.22,40710000,30870000,2477199986
9887.HK,LEADS BIOLABS-B,维立志博－Ｂ,2026-08-03,2026-07-31,28.95,160947992,124817164,56.95,6.65,2826128,2337400,11326888161
2331.HK,LI NING,李宁,2026-08-03,2026-07-31,-28.66,239398388,335579945,14.89,-1.72,16077796,22150492,37975747498
1797.HK,EAST BUY,东方甄选,2026-08-03,2026-07-31,28.59,244249743,189939323,22.28,3.92,10962735,8859110,23466304180
0762.HK,CHINA UNICOM,中国联通,2026-08-03,2026-07-31,-28.47,195352868,273088265,6.705,-0.22,29135402,40638136,205159587665
9880.HK,UBTECH ROBOTICS,优必选,2026-08-03,2026-07-31,-28.28,455302500,634836437,85.0,4.23,5356500,7784628,42789116790
0700.HK,TENCENT,腾讯控股,2026-08-03,2026-07-31,28.25,18953964668,14778834428,490.4,3.2,38650010,31100240,4414398843438
9696.HK,TIANQI LITHIUM,天齐锂业,2026-08-03,2026-07-31,-28.19,120885404,168349899,34.04,1.86,3551275,5037400,58317953215
1658.HK,PSBC,邮储银行,2026-08-03,2026-07-31,-28.17,243161388,338518795,5.05,-0.59,48150768,66637559,606480043040
2991.HK,POLY XVERSE IT,万维智能科技,2026-08-03,2026-07-31,28.09,21814581,17030750,5.405,-4.0,4036000,3025000,
2858.HK,YIXIN,易鑫集团,2026-08-03,2026-07-31,-27.94,28918626,40130991,1.325,-1.12,21825377,29948500,9005547044
9971.HK,BASICSEMI,基本半导体,2026-08-03,2026-07-31,-27.74,27456521,37999104,49.4,9.83,555800,844800,15031912879
6160.HK,BEONE MEDICINES,百济神州,2026-08-03,2026-07-31,-27.3,439771162,604927308,190.9,-1.6,2303673,3118182,257479387187
1773.HK,TIANLI INT HLDG,天立国际控股,2026-08-03,2026-07-31,-27.28,15657771,21531389,1.205,-6.59,12994000,16691000,2448535987
1336.HK,NCI,新华保险,2026-08-03,2026-07-31,-27.26,217358684,298819249,48.64,0.58,4468723,6179058,151734744719
0003.HK,HK & CHINA GAS,香港中华煤气,2026-08-03,2026-07-31,-27.21,152915934,210085377,6.96,-1.0,21970680,29884121,129872696593
6616.HK,GLOBAL NEW MAT,环球新材国际,2026-08-03,2026-07-31,27.2,16727758,13151160,7.565,2.51,2211204,1782000,9444462144
1952.HK,EVEREST MED,云顶新耀,2026-08-03,2026-07-31,27.19,51469573,40467349,24.78,-2.06,2077061,1599500,8706146539
2338.HK,WEICHAI POWER,潍柴动力,2026-08-03,2026-07-31,26.59,656563842,518650325,33.44,1.52,19634087,15745305,288928965700
0257.HK,EB ENVIRONMENT,光大环境,2026-08-03,2026-07-31,-26.46,22584838,30711098,5.07,-0.59,4454603,6021784,31144885784
3968.HK,CM BANK,招商银行,2026-08-03,2026-07-31,-26.43,616357484,837829651,50.9,0.0,12109184,16460307,1283690179573
0688.HK,CHINA OVERSEAS,中国海外发展,2026-08-03,2026-07-31,-26.41,204209522,277508401,13.4,-0.81,15239517,20540962,146661435193
3618.HK,CQRC BANK,重庆农村商业银行,2026-08-03,2026-07-31,-26.36,53825811,73091519,6.5,-0.91,8280894,11142000,73820500000
1898.HK,CHINA COAL,中煤能源,2026-08-03,2026-07-31,26.29,131573898,104186666,10.52,-1.77,12507024,9727980,139481145037
1398.HK,ICBC,工商银行,2026-08-03,2026-07-31,-26.22,1289738006,1748095041,7.495,-0.2,172079790,232768973,2671264856094
3288.HK,HAITIAN FLAV,海天味业,2026-08-03,2026-07-31,-26.07,51270050,69347079,32.72,-0.49,1566933,2109096,191471719311
0165.HK,CHINA EB LTD,中国光大控股,2026-08-03,2026-07-31,-26.07,33544831,45376801,6.075,4.02,5521783,7770000,10237915978
1088.HK,CHINA SHENHUA,中国神华,2026-08-03,2026-07-31,-25.89,370405957,499784079,42.64,-1.89,8686819,11499864,924837465484
3661.HK,SG MICRO,圣邦股份,2026-08-03,2026-07-31,-25.87,139315415,187941050,80.2,-3.37,1737100,2264350,54287985208
2096.HK,SIMCERE PHARMA,先声药业,2026-08-03,2026-07-31,-25.86,74098619,99944860,12.19,-1.3,6078640,8092701,31306340075
3858.HK,JIAXIN INTL RES,佳鑫国际资源,2026-08-03,2026-07-31,-25.72,96807573,130331342,53.35,-3.35,1814575,2361075,24303591804
2687.HK,ABLE DIGITAL,卓越睿新,2026-08-03,2026-07-31,25.67,68185600,54257321,224.0,14.11,304400,276400,14933340800
1299.HK,AIA,友邦保险,2026-08-03,2026-07-31,-25.65,1598818152,2150422043,78.55,-0.88,20354145,27134663,809470789800
1579.HK,YIHAI INTL,颐海国际,2026-08-03,2026-07-31,-25.61,27418862,36857388,15.32,-1.48,1789743,2370250,14862421943
2202.HK,CHINA VANKE,万科企业,2026-08-03,2026-07-31,-25.49,28597151,38380153,2.52,1.61,11348076,15475868,30065387639
9992.HK,POP MART,泡泡玛特,2026-08-03,2026-07-31,25.47,2157104004,1719228401,159.9,-1.66,13490332,10573360,209705557169
1396.HK,GBA AI COMP,粤港湾智算,2026-08-03,2026-07-31,25.41,51133920,40772670,9.21,0.0,5552000,4427000,14585922005
2718.HK,MININGLAMP-W,明略科技－Ｗ,2026-08-03,2026-07-31,-25.35,498276426,667464507,53.0,15.62,9401442,14560744,8102691569
2015.HK,LI AUTO-W,理想汽车－Ｗ,2026-08-03,2026-07-31,-25.35,580234148,777268154,51.85,-2.9,11190630,14555583,102007299824
0880.HK,SJM HOLDINGS,澳博控股,2026-08-03,2026-07-31,25.14,18832990,15049579,1.545,-2.83,12189638,9465144,10972288985
2382.HK,SUNNY OPTICAL,舜宇光学科技,2026-08-03,2026-07-31,-25.06,917919927,1224936693,56.55,0.89,16232006,21854357,60744584120
0268.HK,KINGDEE INT'L,金蝶国际,2026-08-03,2026-07-31,-24.96,573399739,764168287,8.655,3.9,66250694,91736890,30196839395
0853.HK,MICROPORT,微创医疗,2026-08-03,2026-07-31,-24.85,35075933,46675775,6.755,0.52,5192588,6945800,12920799768
0013.HK,HUTCHMED,和黄医药,2026-08-03,2026-07-31,-24.75,61591403,81846761,18.09,2.15,3404721,4621500,15721491610
1288.HK,ABC,农业银行,2026-08-03,2026-07-31,-24.74,660802407,878004500,6.19,-1.9,106753215,139144930,2166394999700
2799.HK,CITIC FAMC,中信金融资产,2026-08-03,2026-07-31,-24.73,26698801,35470208,0.6,1.69,44498000,60119000,48148009341
2577.HK,INNOSCIENCE,英诺赛科,2026-08-03,2026-07-31,-24.71,263275666,349664351,40.58,3.89,6487818,8951980,37134786174
1133.HK,HARBIN ELECTRIC,哈尔滨电气,2026-08-03,2026-07-31,24.62,101765763,81658277,16.57,5.07,6141567,5178077,37055092637
2007.HK,COUNTRY GARDEN,碧桂园,2026-08-03,2026-07-31,-24.02,36922082,48594123,0.171,0.59,215918605,285847781,7953184667
2388.HK,BOC HONG KONG,中银香港,2026-08-03,2026-07-31,-23.91,471014855,619014701,51.65,-1.05,9119358,11858519,546084116871
6090.HK,BUTONG GROUP,不同集团,2026-08-03,2026-07-31,-23.46,19301490,25217605,42.3,-1.54,456300,587002,3754288971
0390.HK,CHINA RAILWAY,中国中铁,2026-08-03,2026-07-31,-23.25,151720119,197676085,3.545,-1.8,42798340,54757920,86963496987
1910.HK,SAMSONITE,新秀丽,2026-08-03,2026-07-31,-23.23,26866310,34995757,14.36,1.63,1870913,2476699,19584102638
6690.HK,HAIER SMARTHOME,海尔智家,2026-08-03,2026-07-31,-23.19,339342964,441790209,21.2,-6.19,16006743,19548239,198805755734
1686.HK,SUNEVISION,新意网集团,2026-08-03,2026-07-31,-23.14,54139361,70436951,4.84,0.21,11185818,14583220,11426317531
0017.HK,NEW WORLD DEV,新世界发展,2026-08-03,2026-07-31,22.99,18465715,15014362,6.87,-0.15,2687877,2182320,17289041711
9999.HK,NTES,网易,2026-08-03,2026-07-31,-22.94,1193232352,1548531026,208.0,0.1,5736694,7452026,665860204048
1333.HK,BRETON,博雷顿,2026-08-03,2026-07-31,-22.92,23415250,30378422,11.45,-6.83,2045000,2471800,4453373940
6110.HK,TOPSPORTS,滔搏,2026-08-03,2026-07-31,-22.76,64799443,83890411,1.14,-16.18,56841617,61684125,7069393018
9936.HK,XIMEI RESOURCES,稀美资源,2026-08-03,2026-07-31,-22.55,16115000,20805885,11.0,-4.6,1465000,1804500,4555100000
0019.HK,SWIRE PACIFIC A,太古股份公司Ａ,2026-08-03,2026-07-31,-22.4,134219216,172964631,97.95,-1.56,1370283,1738338,355354801903
9858.HK,YOURAN DAIRY,优然牧业,2026-08-03,2026-07-31,22.07,140759060,115313911,4.36,2.11,32284187,27005600,19581753951
0001.HK,CKH HOLDINGS,长和,2026-08-03,2026-07-31,-21.97,485190485,621795382,73.0,-0.82,6646445,8448307,279593248500
3690.HK,MEITUAN-W,美团－Ｗ,2026-08-03,2026-07-31,-21.71,3654389044,4668003250,93.45,1.03,39105288,50464900,576758537753
2588.HK,BOC AVIATION,中银航空租赁,2026-08-03,2026-07-31,21.44,85838101,70686016,78.3,1.16,1096272,913256,54341011270
6886.HK,HTSC,HTSC,2026-08-03,2026-07-31,-21.23,102403603,130003710,16.7,-1.12,6131952,7697082,150748632113
1316.HK,NEXTEER,耐世特,2026-08-03,2026-07-31,-21.19,34708619,44040875,4.38,4.29,7924342,10485923,10993030690
1548.HK,GENSCRIPT BIO,金斯瑞生物科技,2026-08-03,2026-07-31,21.08,866050761,715284339,16.3,-9.75,53131951,39606000,35610692604
2410.HK,TYK MEDICINES-B,同源康医药－Ｂ,2026-08-03,2026-07-31,-20.95,21061103,26641183,6.795,-0.22,3099500,3912068,2613858622
0696.HK,TRAVELSKY TECH,中国民航信息网络,2026-08-03,2026-07-31,20.94,28109308,23241601,8.6,-0.46,3268524,2690000,25165403581
6030.HK,CITIC SEC,中信证券,2026-08-03,2026-07-31,-20.88,183590193,232031790,27.18,-0.51,6754606,8493111,402822467335
0144.HK,CHINA MER PORT,招商局港口,2026-08-03,2026-07-31,-20.83,49551154,62586404,15.25,-0.26,3249256,4093290,64019640086
0267.HK,CITIC,中信股份,2026-08-03,2026-07-31,-20.82,147447230,186206252,12.17,-1.62,12115631,15053052,354028498426
1208.HK,MMG,五矿资源,2026-08-03,2026-07-31,-20.36,268967645,337712809,8.47,0.95,31755329,40251823,108809201293
3696.HK,INSILICO,英矽智能,2026-08-03,2026-07-31,-20.15,797506791,998730284,42.02,-8.05,18979219,21854054,24324977646
